start=2026-06-02T10:16:25
script=/Users/jkeohane/GRBs/VegasJetFit/scripts/plot_structjet_swept_mass_diagnostics.py
runs=56

[1/56] START /Users/jkeohane/GRBs/Share_Folder/Fits/jet_structured_powerlaw/csm_powerlaw/spectrum_dylan_smoothed/baseline_ansh_style/20260503__ansh_style_all15_native_va20260429_v1/050525A
Wrote: /Users/jkeohane/Library/CloudStorage/GoogleDrive-jwkeohane@gmail.com/.shortcut-targets-by-id/1d7HnZ0yxuhMv2vPzbGBL9NNSDX9BjeDp/VegasGRBruns/Fits/jet_structured_powerlaw/csm_powerlaw/spectrum_dylan_smoothed/baseline_ansh_style/20260503__ansh_style_all15_native_va20260429_v1/050525A/050525A_structjet_swept_mass_diagnostics_vs_time.pdf
Wrote: /Users/jkeohane/Library/CloudStorage/GoogleDrive-jwkeohane@gmail.com/.shortcut-targets-by-id/1d7HnZ0yxuhMv2vPzbGBL9NNSDX9BjeDp/VegasGRBruns/Fits/jet_structured_powerlaw/csm_powerlaw/spectrum_dylan_smoothed/baseline_ansh_style/20260503__ansh_style_all15_native_va20260429_v1/050525A/050525A_structjet_swept_mass_diagnostics_vs_radius.pdf
Wrote: /Users/jkeohane/Library/CloudStorage/GoogleDrive-jwkeohane@gmail.com/.shortcut-targets-by-id/1d7HnZ0yxuhMv2vPzbGBL9NNSDX9BjeDp/VegasGRBruns/Fits/jet_structured_powerlaw/csm_powerlaw/spectrum_dylan_smoothed/baseline_ansh_style/20260503__ansh_style_all15_native_va20260429_v1/050525A/050525A_structjet_swept_mass_local_vs_coreavg_per_sr_vs_time.pdf
Wrote: /Users/jkeohane/Library/CloudStorage/GoogleDrive-jwkeohane@gmail.com/.shortcut-targets-by-id/1d7HnZ0yxuhMv2vPzbGBL9NNSDX9BjeDp/VegasGRBruns/Fits/jet_structured_powerlaw/csm_powerlaw/spectrum_dylan_smoothed/baseline_ansh_style/20260503__ansh_style_all15_native_va20260429_v1/050525A/050525A_structjet_swept_mass_local_vs_coreavg_per_sr_vs_radius.pdf
Wrote: /Users/jkeohane/Library/CloudStorage/GoogleDrive-jwkeohane@gmail.com/.shortcut-targets-by-id/1d7HnZ0yxuhMv2vPzbGBL9NNSDX9BjeDp/VegasGRBruns/Fits/jet_structured_powerlaw/csm_powerlaw/spectrum_dylan_smoothed/baseline_ansh_style/20260503__ansh_style_all15_native_va20260429_v1/050525A/050525A_structjet_swept_mass_single_overlay_per_sr_vs_time.pdf
Wrote: /Users/jkeohane/Library/CloudStorage/GoogleDrive-jwkeohane@gmail.com/.shortcut-targets-by-id/1d7HnZ0yxuhMv2vPzbGBL9NNSDX9BjeDp/VegasGRBruns/Fits/jet_structured_powerlaw/csm_powerlaw/spectrum_dylan_smoothed/baseline_ansh_style/20260503__ansh_style_all15_native_va20260429_v1/050525A/050525A_structjet_swept_mass_single_overlay_per_sr_vs_radius.pdf
Wrote: /Users/jkeohane/Library/CloudStorage/GoogleDrive-jwkeohane@gmail.com/.shortcut-targets-by-id/1d7HnZ0yxuhMv2vPzbGBL9NNSDX9BjeDp/VegasGRBruns/Fits/jet_structured_powerlaw/csm_powerlaw/spectrum_dylan_smoothed/baseline_ansh_style/20260503__ansh_style_all15_native_va20260429_v1/050525A/050525A_structjet_swept_mass_single_overlay_two_panel.pdf
Wrote: /Users/jkeohane/Library/CloudStorage/GoogleDrive-jwkeohane@gmail.com/.shortcut-targets-by-id/1d7HnZ0yxuhMv2vPzbGBL9NNSDX9BjeDp/VegasGRBruns/Fits/jet_structured_powerlaw/csm_powerlaw/spectrum_dylan_smoothed/baseline_ansh_style/20260503__ansh_style_all15_native_va20260429_v1/050525A/050525A_structjet_swept_mass_crossings.csv
RETURN 0 elapsed=12.3s

[2/56] START /Users/jkeohane/GRBs/Share_Folder/Fits/jet_structured_powerlaw/csm_powerlaw/spectrum_dylan_smoothed/baseline_ansh_style/20260503__ansh_style_all15_native_va20260429_v1/050922C
Wrote: /Users/jkeohane/Library/CloudStorage/GoogleDrive-jwkeohane@gmail.com/.shortcut-targets-by-id/1d7HnZ0yxuhMv2vPzbGBL9NNSDX9BjeDp/VegasGRBruns/Fits/jet_structured_powerlaw/csm_powerlaw/spectrum_dylan_smoothed/baseline_ansh_style/20260503__ansh_style_all15_native_va20260429_v1/050922C/050922C_structjet_swept_mass_diagnostics_vs_time.pdf
Wrote: /Users/jkeohane/Library/CloudStorage/GoogleDrive-jwkeohane@gmail.com/.shortcut-targets-by-id/1d7HnZ0yxuhMv2vPzbGBL9NNSDX9BjeDp/VegasGRBruns/Fits/jet_structured_powerlaw/csm_powerlaw/spectrum_dylan_smoothed/baseline_ansh_style/20260503__ansh_style_all15_native_va20260429_v1/050922C/050922C_structjet_swept_mass_diagnostics_vs_radius.pdf
Wrote: /Users/jkeohane/Library/CloudStorage/GoogleDrive-jwkeohane@gmail.com/.shortcut-targets-by-id/1d7HnZ0yxuhMv2vPzbGBL9NNSDX9BjeDp/VegasGRBruns/Fits/jet_structured_powerlaw/csm_powerlaw/spectrum_dylan_smoothed/baseline_ansh_style/20260503__ansh_style_all15_native_va20260429_v1/050922C/050922C_structjet_swept_mass_local_vs_coreavg_per_sr_vs_time.pdf
Wrote: /Users/jkeohane/Library/CloudStorage/GoogleDrive-jwkeohane@gmail.com/.shortcut-targets-by-id/1d7HnZ0yxuhMv2vPzbGBL9NNSDX9BjeDp/VegasGRBruns/Fits/jet_structured_powerlaw/csm_powerlaw/spectrum_dylan_smoothed/baseline_ansh_style/20260503__ansh_style_all15_native_va20260429_v1/050922C/050922C_structjet_swept_mass_local_vs_coreavg_per_sr_vs_radius.pdf
Wrote: /Users/jkeohane/Library/CloudStorage/GoogleDrive-jwkeohane@gmail.com/.shortcut-targets-by-id/1d7HnZ0yxuhMv2vPzbGBL9NNSDX9BjeDp/VegasGRBruns/Fits/jet_structured_powerlaw/csm_powerlaw/spectrum_dylan_smoothed/baseline_ansh_style/20260503__ansh_style_all15_native_va20260429_v1/050922C/050922C_structjet_swept_mass_single_overlay_per_sr_vs_time.pdf
Wrote: /Users/jkeohane/Library/CloudStorage/GoogleDrive-jwkeohane@gmail.com/.shortcut-targets-by-id/1d7HnZ0yxuhMv2vPzbGBL9NNSDX9BjeDp/VegasGRBruns/Fits/jet_structured_powerlaw/csm_powerlaw/spectrum_dylan_smoothed/baseline_ansh_style/20260503__ansh_style_all15_native_va20260429_v1/050922C/050922C_structjet_swept_mass_single_overlay_per_sr_vs_radius.pdf
Wrote: /Users/jkeohane/Library/CloudStorage/GoogleDrive-jwkeohane@gmail.com/.shortcut-targets-by-id/1d7HnZ0yxuhMv2vPzbGBL9NNSDX9BjeDp/VegasGRBruns/Fits/jet_structured_powerlaw/csm_powerlaw/spectrum_dylan_smoothed/baseline_ansh_style/20260503__ansh_style_all15_native_va20260429_v1/050922C/050922C_structjet_swept_mass_single_overlay_two_panel.pdf
Wrote: /Users/jkeohane/Library/CloudStorage/GoogleDrive-jwkeohane@gmail.com/.shortcut-targets-by-id/1d7HnZ0yxuhMv2vPzbGBL9NNSDX9BjeDp/VegasGRBruns/Fits/jet_structured_powerlaw/csm_powerlaw/spectrum_dylan_smoothed/baseline_ansh_style/20260503__ansh_style_all15_native_va20260429_v1/050922C/050922C_structjet_swept_mass_crossings.csv
RETURN 0 elapsed=13.9s

[3/56] START /Users/jkeohane/GRBs/Share_Folder/Fits/jet_structured_powerlaw/csm_powerlaw/spectrum_dylan_smoothed/baseline_ansh_style/20260503__ansh_style_all15_native_va20260429_v1/090424
Wrote: /Users/jkeohane/Library/CloudStorage/GoogleDrive-jwkeohane@gmail.com/.shortcut-targets-by-id/1d7HnZ0yxuhMv2vPzbGBL9NNSDX9BjeDp/VegasGRBruns/Fits/jet_structured_powerlaw/csm_powerlaw/spectrum_dylan_smoothed/baseline_ansh_style/20260503__ansh_style_all15_native_va20260429_v1/090424/090424_structjet_swept_mass_diagnostics_vs_time.pdf
Wrote: /Users/jkeohane/Library/CloudStorage/GoogleDrive-jwkeohane@gmail.com/.shortcut-targets-by-id/1d7HnZ0yxuhMv2vPzbGBL9NNSDX9BjeDp/VegasGRBruns/Fits/jet_structured_powerlaw/csm_powerlaw/spectrum_dylan_smoothed/baseline_ansh_style/20260503__ansh_style_all15_native_va20260429_v1/090424/090424_structjet_swept_mass_diagnostics_vs_radius.pdf
Wrote: /Users/jkeohane/Library/CloudStorage/GoogleDrive-jwkeohane@gmail.com/.shortcut-targets-by-id/1d7HnZ0yxuhMv2vPzbGBL9NNSDX9BjeDp/VegasGRBruns/Fits/jet_structured_powerlaw/csm_powerlaw/spectrum_dylan_smoothed/baseline_ansh_style/20260503__ansh_style_all15_native_va20260429_v1/090424/090424_structjet_swept_mass_local_vs_coreavg_per_sr_vs_time.pdf
Wrote: /Users/jkeohane/Library/CloudStorage/GoogleDrive-jwkeohane@gmail.com/.shortcut-targets-by-id/1d7HnZ0yxuhMv2vPzbGBL9NNSDX9BjeDp/VegasGRBruns/Fits/jet_structured_powerlaw/csm_powerlaw/spectrum_dylan_smoothed/baseline_ansh_style/20260503__ansh_style_all15_native_va20260429_v1/090424/090424_structjet_swept_mass_local_vs_coreavg_per_sr_vs_radius.pdf
Wrote: /Users/jkeohane/Library/CloudStorage/GoogleDrive-jwkeohane@gmail.com/.shortcut-targets-by-id/1d7HnZ0yxuhMv2vPzbGBL9NNSDX9BjeDp/VegasGRBruns/Fits/jet_structured_powerlaw/csm_powerlaw/spectrum_dylan_smoothed/baseline_ansh_style/20260503__ansh_style_all15_native_va20260429_v1/090424/090424_structjet_swept_mass_single_overlay_per_sr_vs_time.pdf
Wrote: /Users/jkeohane/Library/CloudStorage/GoogleDrive-jwkeohane@gmail.com/.shortcut-targets-by-id/1d7HnZ0yxuhMv2vPzbGBL9NNSDX9BjeDp/VegasGRBruns/Fits/jet_structured_powerlaw/csm_powerlaw/spectrum_dylan_smoothed/baseline_ansh_style/20260503__ansh_style_all15_native_va20260429_v1/090424/090424_structjet_swept_mass_single_overlay_per_sr_vs_radius.pdf
Wrote: /Users/jkeohane/Library/CloudStorage/GoogleDrive-jwkeohane@gmail.com/.shortcut-targets-by-id/1d7HnZ0yxuhMv2vPzbGBL9NNSDX9BjeDp/VegasGRBruns/Fits/jet_structured_powerlaw/csm_powerlaw/spectrum_dylan_smoothed/baseline_ansh_style/20260503__ansh_style_all15_native_va20260429_v1/090424/090424_structjet_swept_mass_single_overlay_two_panel.pdf
Wrote: /Users/jkeohane/Library/CloudStorage/GoogleDrive-jwkeohane@gmail.com/.shortcut-targets-by-id/1d7HnZ0yxuhMv2vPzbGBL9NNSDX9BjeDp/VegasGRBruns/Fits/jet_structured_powerlaw/csm_powerlaw/spectrum_dylan_smoothed/baseline_ansh_style/20260503__ansh_style_all15_native_va20260429_v1/090424/090424_structjet_swept_mass_crossings.csv
RETURN 0 elapsed=10.1s

[4/56] START /Users/jkeohane/GRBs/Share_Folder/Fits/jet_structured_powerlaw/csm_powerlaw/spectrum_dylan_smoothed/baseline_ansh_style/20260503__ansh_style_all15_native_va20260429_v1/090618
Wrote: /Users/jkeohane/Library/CloudStorage/GoogleDrive-jwkeohane@gmail.com/.shortcut-targets-by-id/1d7HnZ0yxuhMv2vPzbGBL9NNSDX9BjeDp/VegasGRBruns/Fits/jet_structured_powerlaw/csm_powerlaw/spectrum_dylan_smoothed/baseline_ansh_style/20260503__ansh_style_all15_native_va20260429_v1/090618/090618_structjet_swept_mass_diagnostics_vs_time.pdf
Wrote: /Users/jkeohane/Library/CloudStorage/GoogleDrive-jwkeohane@gmail.com/.shortcut-targets-by-id/1d7HnZ0yxuhMv2vPzbGBL9NNSDX9BjeDp/VegasGRBruns/Fits/jet_structured_powerlaw/csm_powerlaw/spectrum_dylan_smoothed/baseline_ansh_style/20260503__ansh_style_all15_native_va20260429_v1/090618/090618_structjet_swept_mass_diagnostics_vs_radius.pdf
Wrote: /Users/jkeohane/Library/CloudStorage/GoogleDrive-jwkeohane@gmail.com/.shortcut-targets-by-id/1d7HnZ0yxuhMv2vPzbGBL9NNSDX9BjeDp/VegasGRBruns/Fits/jet_structured_powerlaw/csm_powerlaw/spectrum_dylan_smoothed/baseline_ansh_style/20260503__ansh_style_all15_native_va20260429_v1/090618/090618_structjet_swept_mass_local_vs_coreavg_per_sr_vs_time.pdf
Wrote: /Users/jkeohane/Library/CloudStorage/GoogleDrive-jwkeohane@gmail.com/.shortcut-targets-by-id/1d7HnZ0yxuhMv2vPzbGBL9NNSDX9BjeDp/VegasGRBruns/Fits/jet_structured_powerlaw/csm_powerlaw/spectrum_dylan_smoothed/baseline_ansh_style/20260503__ansh_style_all15_native_va20260429_v1/090618/090618_structjet_swept_mass_local_vs_coreavg_per_sr_vs_radius.pdf
Wrote: /Users/jkeohane/Library/CloudStorage/GoogleDrive-jwkeohane@gmail.com/.shortcut-targets-by-id/1d7HnZ0yxuhMv2vPzbGBL9NNSDX9BjeDp/VegasGRBruns/Fits/jet_structured_powerlaw/csm_powerlaw/spectrum_dylan_smoothed/baseline_ansh_style/20260503__ansh_style_all15_native_va20260429_v1/090618/090618_structjet_swept_mass_single_overlay_per_sr_vs_time.pdf
Wrote: /Users/jkeohane/Library/CloudStorage/GoogleDrive-jwkeohane@gmail.com/.shortcut-targets-by-id/1d7HnZ0yxuhMv2vPzbGBL9NNSDX9BjeDp/VegasGRBruns/Fits/jet_structured_powerlaw/csm_powerlaw/spectrum_dylan_smoothed/baseline_ansh_style/20260503__ansh_style_all15_native_va20260429_v1/090618/090618_structjet_swept_mass_single_overlay_per_sr_vs_radius.pdf
Wrote: /Users/jkeohane/Library/CloudStorage/GoogleDrive-jwkeohane@gmail.com/.shortcut-targets-by-id/1d7HnZ0yxuhMv2vPzbGBL9NNSDX9BjeDp/VegasGRBruns/Fits/jet_structured_powerlaw/csm_powerlaw/spectrum_dylan_smoothed/baseline_ansh_style/20260503__ansh_style_all15_native_va20260429_v1/090618/090618_structjet_swept_mass_single_overlay_two_panel.pdf
Wrote: /Users/jkeohane/Library/CloudStorage/GoogleDrive-jwkeohane@gmail.com/.shortcut-targets-by-id/1d7HnZ0yxuhMv2vPzbGBL9NNSDX9BjeDp/VegasGRBruns/Fits/jet_structured_powerlaw/csm_powerlaw/spectrum_dylan_smoothed/baseline_ansh_style/20260503__ansh_style_all15_native_va20260429_v1/090618/090618_structjet_swept_mass_crossings.csv
RETURN 0 elapsed=12.1s

[5/56] START /Users/jkeohane/GRBs/Share_Folder/Fits/jet_structured_powerlaw/csm_powerlaw/spectrum_dylan_smoothed/baseline_ansh_style/20260503__ansh_style_all15_native_va20260429_v1/111228A
Wrote: /Users/jkeohane/Library/CloudStorage/GoogleDrive-jwkeohane@gmail.com/.shortcut-targets-by-id/1d7HnZ0yxuhMv2vPzbGBL9NNSDX9BjeDp/VegasGRBruns/Fits/jet_structured_powerlaw/csm_powerlaw/spectrum_dylan_smoothed/baseline_ansh_style/20260503__ansh_style_all15_native_va20260429_v1/111228A/111228A_structjet_swept_mass_diagnostics_vs_time.pdf
Wrote: /Users/jkeohane/Library/CloudStorage/GoogleDrive-jwkeohane@gmail.com/.shortcut-targets-by-id/1d7HnZ0yxuhMv2vPzbGBL9NNSDX9BjeDp/VegasGRBruns/Fits/jet_structured_powerlaw/csm_powerlaw/spectrum_dylan_smoothed/baseline_ansh_style/20260503__ansh_style_all15_native_va20260429_v1/111228A/111228A_structjet_swept_mass_diagnostics_vs_radius.pdf
Wrote: /Users/jkeohane/Library/CloudStorage/GoogleDrive-jwkeohane@gmail.com/.shortcut-targets-by-id/1d7HnZ0yxuhMv2vPzbGBL9NNSDX9BjeDp/VegasGRBruns/Fits/jet_structured_powerlaw/csm_powerlaw/spectrum_dylan_smoothed/baseline_ansh_style/20260503__ansh_style_all15_native_va20260429_v1/111228A/111228A_structjet_swept_mass_local_vs_coreavg_per_sr_vs_time.pdf
Wrote: /Users/jkeohane/Library/CloudStorage/GoogleDrive-jwkeohane@gmail.com/.shortcut-targets-by-id/1d7HnZ0yxuhMv2vPzbGBL9NNSDX9BjeDp/VegasGRBruns/Fits/jet_structured_powerlaw/csm_powerlaw/spectrum_dylan_smoothed/baseline_ansh_style/20260503__ansh_style_all15_native_va20260429_v1/111228A/111228A_structjet_swept_mass_local_vs_coreavg_per_sr_vs_radius.pdf
Wrote: /Users/jkeohane/Library/CloudStorage/GoogleDrive-jwkeohane@gmail.com/.shortcut-targets-by-id/1d7HnZ0yxuhMv2vPzbGBL9NNSDX9BjeDp/VegasGRBruns/Fits/jet_structured_powerlaw/csm_powerlaw/spectrum_dylan_smoothed/baseline_ansh_style/20260503__ansh_style_all15_native_va20260429_v1/111228A/111228A_structjet_swept_mass_single_overlay_per_sr_vs_time.pdf
Wrote: /Users/jkeohane/Library/CloudStorage/GoogleDrive-jwkeohane@gmail.com/.shortcut-targets-by-id/1d7HnZ0yxuhMv2vPzbGBL9NNSDX9BjeDp/VegasGRBruns/Fits/jet_structured_powerlaw/csm_powerlaw/spectrum_dylan_smoothed/baseline_ansh_style/20260503__ansh_style_all15_native_va20260429_v1/111228A/111228A_structjet_swept_mass_single_overlay_per_sr_vs_radius.pdf
Wrote: /Users/jkeohane/Library/CloudStorage/GoogleDrive-jwkeohane@gmail.com/.shortcut-targets-by-id/1d7HnZ0yxuhMv2vPzbGBL9NNSDX9BjeDp/VegasGRBruns/Fits/jet_structured_powerlaw/csm_powerlaw/spectrum_dylan_smoothed/baseline_ansh_style/20260503__ansh_style_all15_native_va20260429_v1/111228A/111228A_structjet_swept_mass_single_overlay_two_panel.pdf
Wrote: /Users/jkeohane/Library/CloudStorage/GoogleDrive-jwkeohane@gmail.com/.shortcut-targets-by-id/1d7HnZ0yxuhMv2vPzbGBL9NNSDX9BjeDp/VegasGRBruns/Fits/jet_structured_powerlaw/csm_powerlaw/spectrum_dylan_smoothed/baseline_ansh_style/20260503__ansh_style_all15_native_va20260429_v1/111228A/111228A_structjet_swept_mass_crossings.csv
RETURN 0 elapsed=12.3s

[6/56] START /Users/jkeohane/GRBs/Share_Folder/Fits/jet_structured_powerlaw/csm_powerlaw/spectrum_dylan_smoothed/baseline_ansh_style/20260503__ansh_style_all15_native_va20260429_v1/130612A
Wrote: /Users/jkeohane/Library/CloudStorage/GoogleDrive-jwkeohane@gmail.com/.shortcut-targets-by-id/1d7HnZ0yxuhMv2vPzbGBL9NNSDX9BjeDp/VegasGRBruns/Fits/jet_structured_powerlaw/csm_powerlaw/spectrum_dylan_smoothed/baseline_ansh_style/20260503__ansh_style_all15_native_va20260429_v1/130612A/130612A_structjet_swept_mass_diagnostics_vs_time.pdf
Wrote: /Users/jkeohane/Library/CloudStorage/GoogleDrive-jwkeohane@gmail.com/.shortcut-targets-by-id/1d7HnZ0yxuhMv2vPzbGBL9NNSDX9BjeDp/VegasGRBruns/Fits/jet_structured_powerlaw/csm_powerlaw/spectrum_dylan_smoothed/baseline_ansh_style/20260503__ansh_style_all15_native_va20260429_v1/130612A/130612A_structjet_swept_mass_diagnostics_vs_radius.pdf
Wrote: /Users/jkeohane/Library/CloudStorage/GoogleDrive-jwkeohane@gmail.com/.shortcut-targets-by-id/1d7HnZ0yxuhMv2vPzbGBL9NNSDX9BjeDp/VegasGRBruns/Fits/jet_structured_powerlaw/csm_powerlaw/spectrum_dylan_smoothed/baseline_ansh_style/20260503__ansh_style_all15_native_va20260429_v1/130612A/130612A_structjet_swept_mass_local_vs_coreavg_per_sr_vs_time.pdf
Wrote: /Users/jkeohane/Library/CloudStorage/GoogleDrive-jwkeohane@gmail.com/.shortcut-targets-by-id/1d7HnZ0yxuhMv2vPzbGBL9NNSDX9BjeDp/VegasGRBruns/Fits/jet_structured_powerlaw/csm_powerlaw/spectrum_dylan_smoothed/baseline_ansh_style/20260503__ansh_style_all15_native_va20260429_v1/130612A/130612A_structjet_swept_mass_local_vs_coreavg_per_sr_vs_radius.pdf
Wrote: /Users/jkeohane/Library/CloudStorage/GoogleDrive-jwkeohane@gmail.com/.shortcut-targets-by-id/1d7HnZ0yxuhMv2vPzbGBL9NNSDX9BjeDp/VegasGRBruns/Fits/jet_structured_powerlaw/csm_powerlaw/spectrum_dylan_smoothed/baseline_ansh_style/20260503__ansh_style_all15_native_va20260429_v1/130612A/130612A_structjet_swept_mass_single_overlay_per_sr_vs_time.pdf
Wrote: /Users/jkeohane/Library/CloudStorage/GoogleDrive-jwkeohane@gmail.com/.shortcut-targets-by-id/1d7HnZ0yxuhMv2vPzbGBL9NNSDX9BjeDp/VegasGRBruns/Fits/jet_structured_powerlaw/csm_powerlaw/spectrum_dylan_smoothed/baseline_ansh_style/20260503__ansh_style_all15_native_va20260429_v1/130612A/130612A_structjet_swept_mass_single_overlay_per_sr_vs_radius.pdf
Wrote: /Users/jkeohane/Library/CloudStorage/GoogleDrive-jwkeohane@gmail.com/.shortcut-targets-by-id/1d7HnZ0yxuhMv2vPzbGBL9NNSDX9BjeDp/VegasGRBruns/Fits/jet_structured_powerlaw/csm_powerlaw/spectrum_dylan_smoothed/baseline_ansh_style/20260503__ansh_style_all15_native_va20260429_v1/130612A/130612A_structjet_swept_mass_single_overlay_two_panel.pdf
Wrote: /Users/jkeohane/Library/CloudStorage/GoogleDrive-jwkeohane@gmail.com/.shortcut-targets-by-id/1d7HnZ0yxuhMv2vPzbGBL9NNSDX9BjeDp/VegasGRBruns/Fits/jet_structured_powerlaw/csm_powerlaw/spectrum_dylan_smoothed/baseline_ansh_style/20260503__ansh_style_all15_native_va20260429_v1/130612A/130612A_structjet_swept_mass_crossings.csv
RETURN 0 elapsed=12.5s

[7/56] START /Users/jkeohane/GRBs/Share_Folder/Fits/jet_structured_powerlaw/csm_powerlaw/spectrum_dylan_smoothed/baseline_ansh_style/20260503__ansh_style_all15_native_va20260429_v1/131030A
Wrote: /Users/jkeohane/Library/CloudStorage/GoogleDrive-jwkeohane@gmail.com/.shortcut-targets-by-id/1d7HnZ0yxuhMv2vPzbGBL9NNSDX9BjeDp/VegasGRBruns/Fits/jet_structured_powerlaw/csm_powerlaw/spectrum_dylan_smoothed/baseline_ansh_style/20260503__ansh_style_all15_native_va20260429_v1/131030A/131030A_structjet_swept_mass_diagnostics_vs_time.pdf
Wrote: /Users/jkeohane/Library/CloudStorage/GoogleDrive-jwkeohane@gmail.com/.shortcut-targets-by-id/1d7HnZ0yxuhMv2vPzbGBL9NNSDX9BjeDp/VegasGRBruns/Fits/jet_structured_powerlaw/csm_powerlaw/spectrum_dylan_smoothed/baseline_ansh_style/20260503__ansh_style_all15_native_va20260429_v1/131030A/131030A_structjet_swept_mass_diagnostics_vs_radius.pdf
Wrote: /Users/jkeohane/Library/CloudStorage/GoogleDrive-jwkeohane@gmail.com/.shortcut-targets-by-id/1d7HnZ0yxuhMv2vPzbGBL9NNSDX9BjeDp/VegasGRBruns/Fits/jet_structured_powerlaw/csm_powerlaw/spectrum_dylan_smoothed/baseline_ansh_style/20260503__ansh_style_all15_native_va20260429_v1/131030A/131030A_structjet_swept_mass_local_vs_coreavg_per_sr_vs_time.pdf
Wrote: /Users/jkeohane/Library/CloudStorage/GoogleDrive-jwkeohane@gmail.com/.shortcut-targets-by-id/1d7HnZ0yxuhMv2vPzbGBL9NNSDX9BjeDp/VegasGRBruns/Fits/jet_structured_powerlaw/csm_powerlaw/spectrum_dylan_smoothed/baseline_ansh_style/20260503__ansh_style_all15_native_va20260429_v1/131030A/131030A_structjet_swept_mass_local_vs_coreavg_per_sr_vs_radius.pdf
Wrote: /Users/jkeohane/Library/CloudStorage/GoogleDrive-jwkeohane@gmail.com/.shortcut-targets-by-id/1d7HnZ0yxuhMv2vPzbGBL9NNSDX9BjeDp/VegasGRBruns/Fits/jet_structured_powerlaw/csm_powerlaw/spectrum_dylan_smoothed/baseline_ansh_style/20260503__ansh_style_all15_native_va20260429_v1/131030A/131030A_structjet_swept_mass_single_overlay_per_sr_vs_time.pdf
Wrote: /Users/jkeohane/Library/CloudStorage/GoogleDrive-jwkeohane@gmail.com/.shortcut-targets-by-id/1d7HnZ0yxuhMv2vPzbGBL9NNSDX9BjeDp/VegasGRBruns/Fits/jet_structured_powerlaw/csm_powerlaw/spectrum_dylan_smoothed/baseline_ansh_style/20260503__ansh_style_all15_native_va20260429_v1/131030A/131030A_structjet_swept_mass_single_overlay_per_sr_vs_radius.pdf
Wrote: /Users/jkeohane/Library/CloudStorage/GoogleDrive-jwkeohane@gmail.com/.shortcut-targets-by-id/1d7HnZ0yxuhMv2vPzbGBL9NNSDX9BjeDp/VegasGRBruns/Fits/jet_structured_powerlaw/csm_powerlaw/spectrum_dylan_smoothed/baseline_ansh_style/20260503__ansh_style_all15_native_va20260429_v1/131030A/131030A_structjet_swept_mass_single_overlay_two_panel.pdf
Wrote: /Users/jkeohane/Library/CloudStorage/GoogleDrive-jwkeohane@gmail.com/.shortcut-targets-by-id/1d7HnZ0yxuhMv2vPzbGBL9NNSDX9BjeDp/VegasGRBruns/Fits/jet_structured_powerlaw/csm_powerlaw/spectrum_dylan_smoothed/baseline_ansh_style/20260503__ansh_style_all15_native_va20260429_v1/131030A/131030A_structjet_swept_mass_crossings.csv
RETURN 0 elapsed=21.2s

[8/56] START /Users/jkeohane/GRBs/Share_Folder/Fits/jet_structured_powerlaw/csm_powerlaw/spectrum_dylan_smoothed/baseline_ansh_style/20260503__ansh_style_all15_native_va20260429_v1/140506A
Wrote: /Users/jkeohane/Library/CloudStorage/GoogleDrive-jwkeohane@gmail.com/.shortcut-targets-by-id/1d7HnZ0yxuhMv2vPzbGBL9NNSDX9BjeDp/VegasGRBruns/Fits/jet_structured_powerlaw/csm_powerlaw/spectrum_dylan_smoothed/baseline_ansh_style/20260503__ansh_style_all15_native_va20260429_v1/140506A/140506A_structjet_swept_mass_diagnostics_vs_time.pdf
Wrote: /Users/jkeohane/Library/CloudStorage/GoogleDrive-jwkeohane@gmail.com/.shortcut-targets-by-id/1d7HnZ0yxuhMv2vPzbGBL9NNSDX9BjeDp/VegasGRBruns/Fits/jet_structured_powerlaw/csm_powerlaw/spectrum_dylan_smoothed/baseline_ansh_style/20260503__ansh_style_all15_native_va20260429_v1/140506A/140506A_structjet_swept_mass_diagnostics_vs_radius.pdf
Wrote: /Users/jkeohane/Library/CloudStorage/GoogleDrive-jwkeohane@gmail.com/.shortcut-targets-by-id/1d7HnZ0yxuhMv2vPzbGBL9NNSDX9BjeDp/VegasGRBruns/Fits/jet_structured_powerlaw/csm_powerlaw/spectrum_dylan_smoothed/baseline_ansh_style/20260503__ansh_style_all15_native_va20260429_v1/140506A/140506A_structjet_swept_mass_local_vs_coreavg_per_sr_vs_time.pdf
Wrote: /Users/jkeohane/Library/CloudStorage/GoogleDrive-jwkeohane@gmail.com/.shortcut-targets-by-id/1d7HnZ0yxuhMv2vPzbGBL9NNSDX9BjeDp/VegasGRBruns/Fits/jet_structured_powerlaw/csm_powerlaw/spectrum_dylan_smoothed/baseline_ansh_style/20260503__ansh_style_all15_native_va20260429_v1/140506A/140506A_structjet_swept_mass_local_vs_coreavg_per_sr_vs_radius.pdf
Wrote: /Users/jkeohane/Library/CloudStorage/GoogleDrive-jwkeohane@gmail.com/.shortcut-targets-by-id/1d7HnZ0yxuhMv2vPzbGBL9NNSDX9BjeDp/VegasGRBruns/Fits/jet_structured_powerlaw/csm_powerlaw/spectrum_dylan_smoothed/baseline_ansh_style/20260503__ansh_style_all15_native_va20260429_v1/140506A/140506A_structjet_swept_mass_single_overlay_per_sr_vs_time.pdf
Wrote: /Users/jkeohane/Library/CloudStorage/GoogleDrive-jwkeohane@gmail.com/.shortcut-targets-by-id/1d7HnZ0yxuhMv2vPzbGBL9NNSDX9BjeDp/VegasGRBruns/Fits/jet_structured_powerlaw/csm_powerlaw/spectrum_dylan_smoothed/baseline_ansh_style/20260503__ansh_style_all15_native_va20260429_v1/140506A/140506A_structjet_swept_mass_single_overlay_per_sr_vs_radius.pdf
Wrote: /Users/jkeohane/Library/CloudStorage/GoogleDrive-jwkeohane@gmail.com/.shortcut-targets-by-id/1d7HnZ0yxuhMv2vPzbGBL9NNSDX9BjeDp/VegasGRBruns/Fits/jet_structured_powerlaw/csm_powerlaw/spectrum_dylan_smoothed/baseline_ansh_style/20260503__ansh_style_all15_native_va20260429_v1/140506A/140506A_structjet_swept_mass_single_overlay_two_panel.pdf
Wrote: /Users/jkeohane/Library/CloudStorage/GoogleDrive-jwkeohane@gmail.com/.shortcut-targets-by-id/1d7HnZ0yxuhMv2vPzbGBL9NNSDX9BjeDp/VegasGRBruns/Fits/jet_structured_powerlaw/csm_powerlaw/spectrum_dylan_smoothed/baseline_ansh_style/20260503__ansh_style_all15_native_va20260429_v1/140506A/140506A_structjet_swept_mass_crossings.csv
RETURN 0 elapsed=14.2s

[9/56] START /Users/jkeohane/GRBs/Share_Folder/Fits/jet_structured_powerlaw/csm_powerlaw/spectrum_dylan_smoothed/baseline_ansh_style/20260503__ansh_style_all15_native_va20260429_v1/160131A
Wrote: /Users/jkeohane/Library/CloudStorage/GoogleDrive-jwkeohane@gmail.com/.shortcut-targets-by-id/1d7HnZ0yxuhMv2vPzbGBL9NNSDX9BjeDp/VegasGRBruns/Fits/jet_structured_powerlaw/csm_powerlaw/spectrum_dylan_smoothed/baseline_ansh_style/20260503__ansh_style_all15_native_va20260429_v1/160131A/160131A_structjet_swept_mass_diagnostics_vs_time.pdf
Wrote: /Users/jkeohane/Library/CloudStorage/GoogleDrive-jwkeohane@gmail.com/.shortcut-targets-by-id/1d7HnZ0yxuhMv2vPzbGBL9NNSDX9BjeDp/VegasGRBruns/Fits/jet_structured_powerlaw/csm_powerlaw/spectrum_dylan_smoothed/baseline_ansh_style/20260503__ansh_style_all15_native_va20260429_v1/160131A/160131A_structjet_swept_mass_diagnostics_vs_radius.pdf
Wrote: /Users/jkeohane/Library/CloudStorage/GoogleDrive-jwkeohane@gmail.com/.shortcut-targets-by-id/1d7HnZ0yxuhMv2vPzbGBL9NNSDX9BjeDp/VegasGRBruns/Fits/jet_structured_powerlaw/csm_powerlaw/spectrum_dylan_smoothed/baseline_ansh_style/20260503__ansh_style_all15_native_va20260429_v1/160131A/160131A_structjet_swept_mass_local_vs_coreavg_per_sr_vs_time.pdf
Wrote: /Users/jkeohane/Library/CloudStorage/GoogleDrive-jwkeohane@gmail.com/.shortcut-targets-by-id/1d7HnZ0yxuhMv2vPzbGBL9NNSDX9BjeDp/VegasGRBruns/Fits/jet_structured_powerlaw/csm_powerlaw/spectrum_dylan_smoothed/baseline_ansh_style/20260503__ansh_style_all15_native_va20260429_v1/160131A/160131A_structjet_swept_mass_local_vs_coreavg_per_sr_vs_radius.pdf
Wrote: /Users/jkeohane/Library/CloudStorage/GoogleDrive-jwkeohane@gmail.com/.shortcut-targets-by-id/1d7HnZ0yxuhMv2vPzbGBL9NNSDX9BjeDp/VegasGRBruns/Fits/jet_structured_powerlaw/csm_powerlaw/spectrum_dylan_smoothed/baseline_ansh_style/20260503__ansh_style_all15_native_va20260429_v1/160131A/160131A_structjet_swept_mass_single_overlay_per_sr_vs_time.pdf
Wrote: /Users/jkeohane/Library/CloudStorage/GoogleDrive-jwkeohane@gmail.com/.shortcut-targets-by-id/1d7HnZ0yxuhMv2vPzbGBL9NNSDX9BjeDp/VegasGRBruns/Fits/jet_structured_powerlaw/csm_powerlaw/spectrum_dylan_smoothed/baseline_ansh_style/20260503__ansh_style_all15_native_va20260429_v1/160131A/160131A_structjet_swept_mass_single_overlay_per_sr_vs_radius.pdf
Wrote: /Users/jkeohane/Library/CloudStorage/GoogleDrive-jwkeohane@gmail.com/.shortcut-targets-by-id/1d7HnZ0yxuhMv2vPzbGBL9NNSDX9BjeDp/VegasGRBruns/Fits/jet_structured_powerlaw/csm_powerlaw/spectrum_dylan_smoothed/baseline_ansh_style/20260503__ansh_style_all15_native_va20260429_v1/160131A/160131A_structjet_swept_mass_single_overlay_two_panel.pdf
Wrote: /Users/jkeohane/Library/CloudStorage/GoogleDrive-jwkeohane@gmail.com/.shortcut-targets-by-id/1d7HnZ0yxuhMv2vPzbGBL9NNSDX9BjeDp/VegasGRBruns/Fits/jet_structured_powerlaw/csm_powerlaw/spectrum_dylan_smoothed/baseline_ansh_style/20260503__ansh_style_all15_native_va20260429_v1/160131A/160131A_structjet_swept_mass_crossings.csv
RETURN 0 elapsed=12.1s

[10/56] START /Users/jkeohane/GRBs/Share_Folder/Fits/jet_structured_powerlaw/csm_powerlaw/spectrum_dylan_smoothed/baseline_ansh_style/20260503__ansh_style_all15_native_va20260429_v1/171010A
Wrote: /Users/jkeohane/Library/CloudStorage/GoogleDrive-jwkeohane@gmail.com/.shortcut-targets-by-id/1d7HnZ0yxuhMv2vPzbGBL9NNSDX9BjeDp/VegasGRBruns/Fits/jet_structured_powerlaw/csm_powerlaw/spectrum_dylan_smoothed/baseline_ansh_style/20260503__ansh_style_all15_native_va20260429_v1/171010A/171010A_structjet_swept_mass_diagnostics_vs_time.pdf
Wrote: /Users/jkeohane/Library/CloudStorage/GoogleDrive-jwkeohane@gmail.com/.shortcut-targets-by-id/1d7HnZ0yxuhMv2vPzbGBL9NNSDX9BjeDp/VegasGRBruns/Fits/jet_structured_powerlaw/csm_powerlaw/spectrum_dylan_smoothed/baseline_ansh_style/20260503__ansh_style_all15_native_va20260429_v1/171010A/171010A_structjet_swept_mass_diagnostics_vs_radius.pdf
Wrote: /Users/jkeohane/Library/CloudStorage/GoogleDrive-jwkeohane@gmail.com/.shortcut-targets-by-id/1d7HnZ0yxuhMv2vPzbGBL9NNSDX9BjeDp/VegasGRBruns/Fits/jet_structured_powerlaw/csm_powerlaw/spectrum_dylan_smoothed/baseline_ansh_style/20260503__ansh_style_all15_native_va20260429_v1/171010A/171010A_structjet_swept_mass_local_vs_coreavg_per_sr_vs_time.pdf
Wrote: /Users/jkeohane/Library/CloudStorage/GoogleDrive-jwkeohane@gmail.com/.shortcut-targets-by-id/1d7HnZ0yxuhMv2vPzbGBL9NNSDX9BjeDp/VegasGRBruns/Fits/jet_structured_powerlaw/csm_powerlaw/spectrum_dylan_smoothed/baseline_ansh_style/20260503__ansh_style_all15_native_va20260429_v1/171010A/171010A_structjet_swept_mass_local_vs_coreavg_per_sr_vs_radius.pdf
Wrote: /Users/jkeohane/Library/CloudStorage/GoogleDrive-jwkeohane@gmail.com/.shortcut-targets-by-id/1d7HnZ0yxuhMv2vPzbGBL9NNSDX9BjeDp/VegasGRBruns/Fits/jet_structured_powerlaw/csm_powerlaw/spectrum_dylan_smoothed/baseline_ansh_style/20260503__ansh_style_all15_native_va20260429_v1/171010A/171010A_structjet_swept_mass_single_overlay_per_sr_vs_time.pdf
Wrote: /Users/jkeohane/Library/CloudStorage/GoogleDrive-jwkeohane@gmail.com/.shortcut-targets-by-id/1d7HnZ0yxuhMv2vPzbGBL9NNSDX9BjeDp/VegasGRBruns/Fits/jet_structured_powerlaw/csm_powerlaw/spectrum_dylan_smoothed/baseline_ansh_style/20260503__ansh_style_all15_native_va20260429_v1/171010A/171010A_structjet_swept_mass_single_overlay_per_sr_vs_radius.pdf
Wrote: /Users/jkeohane/Library/CloudStorage/GoogleDrive-jwkeohane@gmail.com/.shortcut-targets-by-id/1d7HnZ0yxuhMv2vPzbGBL9NNSDX9BjeDp/VegasGRBruns/Fits/jet_structured_powerlaw/csm_powerlaw/spectrum_dylan_smoothed/baseline_ansh_style/20260503__ansh_style_all15_native_va20260429_v1/171010A/171010A_structjet_swept_mass_single_overlay_two_panel.pdf
Wrote: /Users/jkeohane/Library/CloudStorage/GoogleDrive-jwkeohane@gmail.com/.shortcut-targets-by-id/1d7HnZ0yxuhMv2vPzbGBL9NNSDX9BjeDp/VegasGRBruns/Fits/jet_structured_powerlaw/csm_powerlaw/spectrum_dylan_smoothed/baseline_ansh_style/20260503__ansh_style_all15_native_va20260429_v1/171010A/171010A_structjet_swept_mass_crossings.csv
RETURN 0 elapsed=12.9s

[11/56] START /Users/jkeohane/GRBs/Share_Folder/Fits/jet_structured_powerlaw/csm_powerlaw/spectrum_dylan_smoothed/baseline_ansh_style/20260503__ansh_style_all15_native_va20260429_v1/210905A
Wrote: /Users/jkeohane/Library/CloudStorage/GoogleDrive-jwkeohane@gmail.com/.shortcut-targets-by-id/1d7HnZ0yxuhMv2vPzbGBL9NNSDX9BjeDp/VegasGRBruns/Fits/jet_structured_powerlaw/csm_powerlaw/spectrum_dylan_smoothed/baseline_ansh_style/20260503__ansh_style_all15_native_va20260429_v1/210905A/210905A_structjet_swept_mass_diagnostics_vs_time.pdf
Wrote: /Users/jkeohane/Library/CloudStorage/GoogleDrive-jwkeohane@gmail.com/.shortcut-targets-by-id/1d7HnZ0yxuhMv2vPzbGBL9NNSDX9BjeDp/VegasGRBruns/Fits/jet_structured_powerlaw/csm_powerlaw/spectrum_dylan_smoothed/baseline_ansh_style/20260503__ansh_style_all15_native_va20260429_v1/210905A/210905A_structjet_swept_mass_diagnostics_vs_radius.pdf
Wrote: /Users/jkeohane/Library/CloudStorage/GoogleDrive-jwkeohane@gmail.com/.shortcut-targets-by-id/1d7HnZ0yxuhMv2vPzbGBL9NNSDX9BjeDp/VegasGRBruns/Fits/jet_structured_powerlaw/csm_powerlaw/spectrum_dylan_smoothed/baseline_ansh_style/20260503__ansh_style_all15_native_va20260429_v1/210905A/210905A_structjet_swept_mass_local_vs_coreavg_per_sr_vs_time.pdf
Wrote: /Users/jkeohane/Library/CloudStorage/GoogleDrive-jwkeohane@gmail.com/.shortcut-targets-by-id/1d7HnZ0yxuhMv2vPzbGBL9NNSDX9BjeDp/VegasGRBruns/Fits/jet_structured_powerlaw/csm_powerlaw/spectrum_dylan_smoothed/baseline_ansh_style/20260503__ansh_style_all15_native_va20260429_v1/210905A/210905A_structjet_swept_mass_local_vs_coreavg_per_sr_vs_radius.pdf
Wrote: /Users/jkeohane/Library/CloudStorage/GoogleDrive-jwkeohane@gmail.com/.shortcut-targets-by-id/1d7HnZ0yxuhMv2vPzbGBL9NNSDX9BjeDp/VegasGRBruns/Fits/jet_structured_powerlaw/csm_powerlaw/spectrum_dylan_smoothed/baseline_ansh_style/20260503__ansh_style_all15_native_va20260429_v1/210905A/210905A_structjet_swept_mass_single_overlay_per_sr_vs_time.pdf
Wrote: /Users/jkeohane/Library/CloudStorage/GoogleDrive-jwkeohane@gmail.com/.shortcut-targets-by-id/1d7HnZ0yxuhMv2vPzbGBL9NNSDX9BjeDp/VegasGRBruns/Fits/jet_structured_powerlaw/csm_powerlaw/spectrum_dylan_smoothed/baseline_ansh_style/20260503__ansh_style_all15_native_va20260429_v1/210905A/210905A_structjet_swept_mass_single_overlay_per_sr_vs_radius.pdf
Wrote: /Users/jkeohane/Library/CloudStorage/GoogleDrive-jwkeohane@gmail.com/.shortcut-targets-by-id/1d7HnZ0yxuhMv2vPzbGBL9NNSDX9BjeDp/VegasGRBruns/Fits/jet_structured_powerlaw/csm_powerlaw/spectrum_dylan_smoothed/baseline_ansh_style/20260503__ansh_style_all15_native_va20260429_v1/210905A/210905A_structjet_swept_mass_single_overlay_two_panel.pdf
Wrote: /Users/jkeohane/Library/CloudStorage/GoogleDrive-jwkeohane@gmail.com/.shortcut-targets-by-id/1d7HnZ0yxuhMv2vPzbGBL9NNSDX9BjeDp/VegasGRBruns/Fits/jet_structured_powerlaw/csm_powerlaw/spectrum_dylan_smoothed/baseline_ansh_style/20260503__ansh_style_all15_native_va20260429_v1/210905A/210905A_structjet_swept_mass_crossings.csv
RETURN 0 elapsed=11.5s

[12/56] START /Users/jkeohane/GRBs/Share_Folder/Fits/jet_structured_powerlaw/csm_powerlaw/spectrum_dylan_smoothed/baseline_ansh_style/20260503__ansh_style_all15_native_va20260429_v1/220101A
Wrote: /Users/jkeohane/Library/CloudStorage/GoogleDrive-jwkeohane@gmail.com/.shortcut-targets-by-id/1d7HnZ0yxuhMv2vPzbGBL9NNSDX9BjeDp/VegasGRBruns/Fits/jet_structured_powerlaw/csm_powerlaw/spectrum_dylan_smoothed/baseline_ansh_style/20260503__ansh_style_all15_native_va20260429_v1/220101A/220101A_structjet_swept_mass_diagnostics_vs_time.pdf
Wrote: /Users/jkeohane/Library/CloudStorage/GoogleDrive-jwkeohane@gmail.com/.shortcut-targets-by-id/1d7HnZ0yxuhMv2vPzbGBL9NNSDX9BjeDp/VegasGRBruns/Fits/jet_structured_powerlaw/csm_powerlaw/spectrum_dylan_smoothed/baseline_ansh_style/20260503__ansh_style_all15_native_va20260429_v1/220101A/220101A_structjet_swept_mass_diagnostics_vs_radius.pdf
Wrote: /Users/jkeohane/Library/CloudStorage/GoogleDrive-jwkeohane@gmail.com/.shortcut-targets-by-id/1d7HnZ0yxuhMv2vPzbGBL9NNSDX9BjeDp/VegasGRBruns/Fits/jet_structured_powerlaw/csm_powerlaw/spectrum_dylan_smoothed/baseline_ansh_style/20260503__ansh_style_all15_native_va20260429_v1/220101A/220101A_structjet_swept_mass_local_vs_coreavg_per_sr_vs_time.pdf
Wrote: /Users/jkeohane/Library/CloudStorage/GoogleDrive-jwkeohane@gmail.com/.shortcut-targets-by-id/1d7HnZ0yxuhMv2vPzbGBL9NNSDX9BjeDp/VegasGRBruns/Fits/jet_structured_powerlaw/csm_powerlaw/spectrum_dylan_smoothed/baseline_ansh_style/20260503__ansh_style_all15_native_va20260429_v1/220101A/220101A_structjet_swept_mass_local_vs_coreavg_per_sr_vs_radius.pdf
Wrote: /Users/jkeohane/Library/CloudStorage/GoogleDrive-jwkeohane@gmail.com/.shortcut-targets-by-id/1d7HnZ0yxuhMv2vPzbGBL9NNSDX9BjeDp/VegasGRBruns/Fits/jet_structured_powerlaw/csm_powerlaw/spectrum_dylan_smoothed/baseline_ansh_style/20260503__ansh_style_all15_native_va20260429_v1/220101A/220101A_structjet_swept_mass_single_overlay_per_sr_vs_time.pdf
Wrote: /Users/jkeohane/Library/CloudStorage/GoogleDrive-jwkeohane@gmail.com/.shortcut-targets-by-id/1d7HnZ0yxuhMv2vPzbGBL9NNSDX9BjeDp/VegasGRBruns/Fits/jet_structured_powerlaw/csm_powerlaw/spectrum_dylan_smoothed/baseline_ansh_style/20260503__ansh_style_all15_native_va20260429_v1/220101A/220101A_structjet_swept_mass_single_overlay_per_sr_vs_radius.pdf
Wrote: /Users/jkeohane/Library/CloudStorage/GoogleDrive-jwkeohane@gmail.com/.shortcut-targets-by-id/1d7HnZ0yxuhMv2vPzbGBL9NNSDX9BjeDp/VegasGRBruns/Fits/jet_structured_powerlaw/csm_powerlaw/spectrum_dylan_smoothed/baseline_ansh_style/20260503__ansh_style_all15_native_va20260429_v1/220101A/220101A_structjet_swept_mass_single_overlay_two_panel.pdf
Wrote: /Users/jkeohane/Library/CloudStorage/GoogleDrive-jwkeohane@gmail.com/.shortcut-targets-by-id/1d7HnZ0yxuhMv2vPzbGBL9NNSDX9BjeDp/VegasGRBruns/Fits/jet_structured_powerlaw/csm_powerlaw/spectrum_dylan_smoothed/baseline_ansh_style/20260503__ansh_style_all15_native_va20260429_v1/220101A/220101A_structjet_swept_mass_crossings.csv
RETURN 0 elapsed=13.4s

[13/56] START /Users/jkeohane/GRBs/Share_Folder/Fits/jet_structured_powerlaw/csm_powerlaw/spectrum_dylan_smoothed/baseline_ansh_style/20260503__ansh_style_all15_native_va20260429_v1/221009A
Wrote: /Users/jkeohane/Library/CloudStorage/GoogleDrive-jwkeohane@gmail.com/.shortcut-targets-by-id/1d7HnZ0yxuhMv2vPzbGBL9NNSDX9BjeDp/VegasGRBruns/Fits/jet_structured_powerlaw/csm_powerlaw/spectrum_dylan_smoothed/baseline_ansh_style/20260503__ansh_style_all15_native_va20260429_v1/221009A/221009A_structjet_swept_mass_diagnostics_vs_time.pdf
Wrote: /Users/jkeohane/Library/CloudStorage/GoogleDrive-jwkeohane@gmail.com/.shortcut-targets-by-id/1d7HnZ0yxuhMv2vPzbGBL9NNSDX9BjeDp/VegasGRBruns/Fits/jet_structured_powerlaw/csm_powerlaw/spectrum_dylan_smoothed/baseline_ansh_style/20260503__ansh_style_all15_native_va20260429_v1/221009A/221009A_structjet_swept_mass_diagnostics_vs_radius.pdf
Wrote: /Users/jkeohane/Library/CloudStorage/GoogleDrive-jwkeohane@gmail.com/.shortcut-targets-by-id/1d7HnZ0yxuhMv2vPzbGBL9NNSDX9BjeDp/VegasGRBruns/Fits/jet_structured_powerlaw/csm_powerlaw/spectrum_dylan_smoothed/baseline_ansh_style/20260503__ansh_style_all15_native_va20260429_v1/221009A/221009A_structjet_swept_mass_local_vs_coreavg_per_sr_vs_time.pdf
Wrote: /Users/jkeohane/Library/CloudStorage/GoogleDrive-jwkeohane@gmail.com/.shortcut-targets-by-id/1d7HnZ0yxuhMv2vPzbGBL9NNSDX9BjeDp/VegasGRBruns/Fits/jet_structured_powerlaw/csm_powerlaw/spectrum_dylan_smoothed/baseline_ansh_style/20260503__ansh_style_all15_native_va20260429_v1/221009A/221009A_structjet_swept_mass_local_vs_coreavg_per_sr_vs_radius.pdf
Wrote: /Users/jkeohane/Library/CloudStorage/GoogleDrive-jwkeohane@gmail.com/.shortcut-targets-by-id/1d7HnZ0yxuhMv2vPzbGBL9NNSDX9BjeDp/VegasGRBruns/Fits/jet_structured_powerlaw/csm_powerlaw/spectrum_dylan_smoothed/baseline_ansh_style/20260503__ansh_style_all15_native_va20260429_v1/221009A/221009A_structjet_swept_mass_single_overlay_per_sr_vs_time.pdf
Wrote: /Users/jkeohane/Library/CloudStorage/GoogleDrive-jwkeohane@gmail.com/.shortcut-targets-by-id/1d7HnZ0yxuhMv2vPzbGBL9NNSDX9BjeDp/VegasGRBruns/Fits/jet_structured_powerlaw/csm_powerlaw/spectrum_dylan_smoothed/baseline_ansh_style/20260503__ansh_style_all15_native_va20260429_v1/221009A/221009A_structjet_swept_mass_single_overlay_per_sr_vs_radius.pdf
Wrote: /Users/jkeohane/Library/CloudStorage/GoogleDrive-jwkeohane@gmail.com/.shortcut-targets-by-id/1d7HnZ0yxuhMv2vPzbGBL9NNSDX9BjeDp/VegasGRBruns/Fits/jet_structured_powerlaw/csm_powerlaw/spectrum_dylan_smoothed/baseline_ansh_style/20260503__ansh_style_all15_native_va20260429_v1/221009A/221009A_structjet_swept_mass_single_overlay_two_panel.pdf
Wrote: /Users/jkeohane/Library/CloudStorage/GoogleDrive-jwkeohane@gmail.com/.shortcut-targets-by-id/1d7HnZ0yxuhMv2vPzbGBL9NNSDX9BjeDp/VegasGRBruns/Fits/jet_structured_powerlaw/csm_powerlaw/spectrum_dylan_smoothed/baseline_ansh_style/20260503__ansh_style_all15_native_va20260429_v1/221009A/221009A_structjet_swept_mass_crossings.csv
RETURN 0 elapsed=16.5s

[14/56] START /Users/jkeohane/GRBs/Share_Folder/Fits/jet_structured_powerlaw/csm_powerlaw/spectrum_dylan_smoothed/fixed_core_angle/20260503__anshstyle_structjet_thetacfrozen_v1/050525A
Wrote: /Users/jkeohane/Library/CloudStorage/GoogleDrive-jwkeohane@gmail.com/.shortcut-targets-by-id/1d7HnZ0yxuhMv2vPzbGBL9NNSDX9BjeDp/VegasGRBruns/Fits/jet_structured_powerlaw/csm_powerlaw/spectrum_dylan_smoothed/fixed_core_angle/20260503__anshstyle_structjet_thetacfrozen_v1/050525A/050525A_structjet_swept_mass_diagnostics_vs_time.pdf
Wrote: /Users/jkeohane/Library/CloudStorage/GoogleDrive-jwkeohane@gmail.com/.shortcut-targets-by-id/1d7HnZ0yxuhMv2vPzbGBL9NNSDX9BjeDp/VegasGRBruns/Fits/jet_structured_powerlaw/csm_powerlaw/spectrum_dylan_smoothed/fixed_core_angle/20260503__anshstyle_structjet_thetacfrozen_v1/050525A/050525A_structjet_swept_mass_diagnostics_vs_radius.pdf
Wrote: /Users/jkeohane/Library/CloudStorage/GoogleDrive-jwkeohane@gmail.com/.shortcut-targets-by-id/1d7HnZ0yxuhMv2vPzbGBL9NNSDX9BjeDp/VegasGRBruns/Fits/jet_structured_powerlaw/csm_powerlaw/spectrum_dylan_smoothed/fixed_core_angle/20260503__anshstyle_structjet_thetacfrozen_v1/050525A/050525A_structjet_swept_mass_local_vs_coreavg_per_sr_vs_time.pdf
Wrote: /Users/jkeohane/Library/CloudStorage/GoogleDrive-jwkeohane@gmail.com/.shortcut-targets-by-id/1d7HnZ0yxuhMv2vPzbGBL9NNSDX9BjeDp/VegasGRBruns/Fits/jet_structured_powerlaw/csm_powerlaw/spectrum_dylan_smoothed/fixed_core_angle/20260503__anshstyle_structjet_thetacfrozen_v1/050525A/050525A_structjet_swept_mass_local_vs_coreavg_per_sr_vs_radius.pdf
Wrote: /Users/jkeohane/Library/CloudStorage/GoogleDrive-jwkeohane@gmail.com/.shortcut-targets-by-id/1d7HnZ0yxuhMv2vPzbGBL9NNSDX9BjeDp/VegasGRBruns/Fits/jet_structured_powerlaw/csm_powerlaw/spectrum_dylan_smoothed/fixed_core_angle/20260503__anshstyle_structjet_thetacfrozen_v1/050525A/050525A_structjet_swept_mass_single_overlay_per_sr_vs_time.pdf
Wrote: /Users/jkeohane/Library/CloudStorage/GoogleDrive-jwkeohane@gmail.com/.shortcut-targets-by-id/1d7HnZ0yxuhMv2vPzbGBL9NNSDX9BjeDp/VegasGRBruns/Fits/jet_structured_powerlaw/csm_powerlaw/spectrum_dylan_smoothed/fixed_core_angle/20260503__anshstyle_structjet_thetacfrozen_v1/050525A/050525A_structjet_swept_mass_single_overlay_per_sr_vs_radius.pdf
Wrote: /Users/jkeohane/Library/CloudStorage/GoogleDrive-jwkeohane@gmail.com/.shortcut-targets-by-id/1d7HnZ0yxuhMv2vPzbGBL9NNSDX9BjeDp/VegasGRBruns/Fits/jet_structured_powerlaw/csm_powerlaw/spectrum_dylan_smoothed/fixed_core_angle/20260503__anshstyle_structjet_thetacfrozen_v1/050525A/050525A_structjet_swept_mass_single_overlay_two_panel.pdf
Wrote: /Users/jkeohane/Library/CloudStorage/GoogleDrive-jwkeohane@gmail.com/.shortcut-targets-by-id/1d7HnZ0yxuhMv2vPzbGBL9NNSDX9BjeDp/VegasGRBruns/Fits/jet_structured_powerlaw/csm_powerlaw/spectrum_dylan_smoothed/fixed_core_angle/20260503__anshstyle_structjet_thetacfrozen_v1/050525A/050525A_structjet_swept_mass_crossings.csv
RETURN 0 elapsed=13.4s

[15/56] START /Users/jkeohane/GRBs/Share_Folder/Fits/jet_structured_powerlaw/csm_powerlaw/spectrum_dylan_smoothed/fixed_core_angle/20260503__anshstyle_structjet_thetacfrozen_v1/050922C
Wrote: /Users/jkeohane/Library/CloudStorage/GoogleDrive-jwkeohane@gmail.com/.shortcut-targets-by-id/1d7HnZ0yxuhMv2vPzbGBL9NNSDX9BjeDp/VegasGRBruns/Fits/jet_structured_powerlaw/csm_powerlaw/spectrum_dylan_smoothed/fixed_core_angle/20260503__anshstyle_structjet_thetacfrozen_v1/050922C/050922C_structjet_swept_mass_diagnostics_vs_time.pdf
Wrote: /Users/jkeohane/Library/CloudStorage/GoogleDrive-jwkeohane@gmail.com/.shortcut-targets-by-id/1d7HnZ0yxuhMv2vPzbGBL9NNSDX9BjeDp/VegasGRBruns/Fits/jet_structured_powerlaw/csm_powerlaw/spectrum_dylan_smoothed/fixed_core_angle/20260503__anshstyle_structjet_thetacfrozen_v1/050922C/050922C_structjet_swept_mass_diagnostics_vs_radius.pdf
Wrote: /Users/jkeohane/Library/CloudStorage/GoogleDrive-jwkeohane@gmail.com/.shortcut-targets-by-id/1d7HnZ0yxuhMv2vPzbGBL9NNSDX9BjeDp/VegasGRBruns/Fits/jet_structured_powerlaw/csm_powerlaw/spectrum_dylan_smoothed/fixed_core_angle/20260503__anshstyle_structjet_thetacfrozen_v1/050922C/050922C_structjet_swept_mass_local_vs_coreavg_per_sr_vs_time.pdf
Wrote: /Users/jkeohane/Library/CloudStorage/GoogleDrive-jwkeohane@gmail.com/.shortcut-targets-by-id/1d7HnZ0yxuhMv2vPzbGBL9NNSDX9BjeDp/VegasGRBruns/Fits/jet_structured_powerlaw/csm_powerlaw/spectrum_dylan_smoothed/fixed_core_angle/20260503__anshstyle_structjet_thetacfrozen_v1/050922C/050922C_structjet_swept_mass_local_vs_coreavg_per_sr_vs_radius.pdf
Wrote: /Users/jkeohane/Library/CloudStorage/GoogleDrive-jwkeohane@gmail.com/.shortcut-targets-by-id/1d7HnZ0yxuhMv2vPzbGBL9NNSDX9BjeDp/VegasGRBruns/Fits/jet_structured_powerlaw/csm_powerlaw/spectrum_dylan_smoothed/fixed_core_angle/20260503__anshstyle_structjet_thetacfrozen_v1/050922C/050922C_structjet_swept_mass_single_overlay_per_sr_vs_time.pdf
Wrote: /Users/jkeohane/Library/CloudStorage/GoogleDrive-jwkeohane@gmail.com/.shortcut-targets-by-id/1d7HnZ0yxuhMv2vPzbGBL9NNSDX9BjeDp/VegasGRBruns/Fits/jet_structured_powerlaw/csm_powerlaw/spectrum_dylan_smoothed/fixed_core_angle/20260503__anshstyle_structjet_thetacfrozen_v1/050922C/050922C_structjet_swept_mass_single_overlay_per_sr_vs_radius.pdf
Wrote: /Users/jkeohane/Library/CloudStorage/GoogleDrive-jwkeohane@gmail.com/.shortcut-targets-by-id/1d7HnZ0yxuhMv2vPzbGBL9NNSDX9BjeDp/VegasGRBruns/Fits/jet_structured_powerlaw/csm_powerlaw/spectrum_dylan_smoothed/fixed_core_angle/20260503__anshstyle_structjet_thetacfrozen_v1/050922C/050922C_structjet_swept_mass_single_overlay_two_panel.pdf
Wrote: /Users/jkeohane/Library/CloudStorage/GoogleDrive-jwkeohane@gmail.com/.shortcut-targets-by-id/1d7HnZ0yxuhMv2vPzbGBL9NNSDX9BjeDp/VegasGRBruns/Fits/jet_structured_powerlaw/csm_powerlaw/spectrum_dylan_smoothed/fixed_core_angle/20260503__anshstyle_structjet_thetacfrozen_v1/050922C/050922C_structjet_swept_mass_crossings.csv
RETURN 0 elapsed=11.3s

[16/56] START /Users/jkeohane/GRBs/Share_Folder/Fits/jet_structured_powerlaw/csm_powerlaw/spectrum_dylan_smoothed/fixed_core_angle/20260503__anshstyle_structjet_thetacfrozen_v1/090424
Wrote: /Users/jkeohane/Library/CloudStorage/GoogleDrive-jwkeohane@gmail.com/.shortcut-targets-by-id/1d7HnZ0yxuhMv2vPzbGBL9NNSDX9BjeDp/VegasGRBruns/Fits/jet_structured_powerlaw/csm_powerlaw/spectrum_dylan_smoothed/fixed_core_angle/20260503__anshstyle_structjet_thetacfrozen_v1/090424/090424_structjet_swept_mass_diagnostics_vs_time.pdf
Wrote: /Users/jkeohane/Library/CloudStorage/GoogleDrive-jwkeohane@gmail.com/.shortcut-targets-by-id/1d7HnZ0yxuhMv2vPzbGBL9NNSDX9BjeDp/VegasGRBruns/Fits/jet_structured_powerlaw/csm_powerlaw/spectrum_dylan_smoothed/fixed_core_angle/20260503__anshstyle_structjet_thetacfrozen_v1/090424/090424_structjet_swept_mass_diagnostics_vs_radius.pdf
Wrote: /Users/jkeohane/Library/CloudStorage/GoogleDrive-jwkeohane@gmail.com/.shortcut-targets-by-id/1d7HnZ0yxuhMv2vPzbGBL9NNSDX9BjeDp/VegasGRBruns/Fits/jet_structured_powerlaw/csm_powerlaw/spectrum_dylan_smoothed/fixed_core_angle/20260503__anshstyle_structjet_thetacfrozen_v1/090424/090424_structjet_swept_mass_local_vs_coreavg_per_sr_vs_time.pdf
Wrote: /Users/jkeohane/Library/CloudStorage/GoogleDrive-jwkeohane@gmail.com/.shortcut-targets-by-id/1d7HnZ0yxuhMv2vPzbGBL9NNSDX9BjeDp/VegasGRBruns/Fits/jet_structured_powerlaw/csm_powerlaw/spectrum_dylan_smoothed/fixed_core_angle/20260503__anshstyle_structjet_thetacfrozen_v1/090424/090424_structjet_swept_mass_local_vs_coreavg_per_sr_vs_radius.pdf
Wrote: /Users/jkeohane/Library/CloudStorage/GoogleDrive-jwkeohane@gmail.com/.shortcut-targets-by-id/1d7HnZ0yxuhMv2vPzbGBL9NNSDX9BjeDp/VegasGRBruns/Fits/jet_structured_powerlaw/csm_powerlaw/spectrum_dylan_smoothed/fixed_core_angle/20260503__anshstyle_structjet_thetacfrozen_v1/090424/090424_structjet_swept_mass_single_overlay_per_sr_vs_time.pdf
Wrote: /Users/jkeohane/Library/CloudStorage/GoogleDrive-jwkeohane@gmail.com/.shortcut-targets-by-id/1d7HnZ0yxuhMv2vPzbGBL9NNSDX9BjeDp/VegasGRBruns/Fits/jet_structured_powerlaw/csm_powerlaw/spectrum_dylan_smoothed/fixed_core_angle/20260503__anshstyle_structjet_thetacfrozen_v1/090424/090424_structjet_swept_mass_single_overlay_per_sr_vs_radius.pdf
Wrote: /Users/jkeohane/Library/CloudStorage/GoogleDrive-jwkeohane@gmail.com/.shortcut-targets-by-id/1d7HnZ0yxuhMv2vPzbGBL9NNSDX9BjeDp/VegasGRBruns/Fits/jet_structured_powerlaw/csm_powerlaw/spectrum_dylan_smoothed/fixed_core_angle/20260503__anshstyle_structjet_thetacfrozen_v1/090424/090424_structjet_swept_mass_single_overlay_two_panel.pdf
Wrote: /Users/jkeohane/Library/CloudStorage/GoogleDrive-jwkeohane@gmail.com/.shortcut-targets-by-id/1d7HnZ0yxuhMv2vPzbGBL9NNSDX9BjeDp/VegasGRBruns/Fits/jet_structured_powerlaw/csm_powerlaw/spectrum_dylan_smoothed/fixed_core_angle/20260503__anshstyle_structjet_thetacfrozen_v1/090424/090424_structjet_swept_mass_crossings.csv
RETURN 0 elapsed=9.6s

[17/56] START /Users/jkeohane/GRBs/Share_Folder/Fits/jet_structured_powerlaw/csm_powerlaw/spectrum_dylan_smoothed/fixed_core_angle/20260503__anshstyle_structjet_thetacfrozen_v1/090618
Wrote: /Users/jkeohane/Library/CloudStorage/GoogleDrive-jwkeohane@gmail.com/.shortcut-targets-by-id/1d7HnZ0yxuhMv2vPzbGBL9NNSDX9BjeDp/VegasGRBruns/Fits/jet_structured_powerlaw/csm_powerlaw/spectrum_dylan_smoothed/fixed_core_angle/20260503__anshstyle_structjet_thetacfrozen_v1/090618/090618_structjet_swept_mass_diagnostics_vs_time.pdf
Wrote: /Users/jkeohane/Library/CloudStorage/GoogleDrive-jwkeohane@gmail.com/.shortcut-targets-by-id/1d7HnZ0yxuhMv2vPzbGBL9NNSDX9BjeDp/VegasGRBruns/Fits/jet_structured_powerlaw/csm_powerlaw/spectrum_dylan_smoothed/fixed_core_angle/20260503__anshstyle_structjet_thetacfrozen_v1/090618/090618_structjet_swept_mass_diagnostics_vs_radius.pdf
Wrote: /Users/jkeohane/Library/CloudStorage/GoogleDrive-jwkeohane@gmail.com/.shortcut-targets-by-id/1d7HnZ0yxuhMv2vPzbGBL9NNSDX9BjeDp/VegasGRBruns/Fits/jet_structured_powerlaw/csm_powerlaw/spectrum_dylan_smoothed/fixed_core_angle/20260503__anshstyle_structjet_thetacfrozen_v1/090618/090618_structjet_swept_mass_local_vs_coreavg_per_sr_vs_time.pdf
Wrote: /Users/jkeohane/Library/CloudStorage/GoogleDrive-jwkeohane@gmail.com/.shortcut-targets-by-id/1d7HnZ0yxuhMv2vPzbGBL9NNSDX9BjeDp/VegasGRBruns/Fits/jet_structured_powerlaw/csm_powerlaw/spectrum_dylan_smoothed/fixed_core_angle/20260503__anshstyle_structjet_thetacfrozen_v1/090618/090618_structjet_swept_mass_local_vs_coreavg_per_sr_vs_radius.pdf
Wrote: /Users/jkeohane/Library/CloudStorage/GoogleDrive-jwkeohane@gmail.com/.shortcut-targets-by-id/1d7HnZ0yxuhMv2vPzbGBL9NNSDX9BjeDp/VegasGRBruns/Fits/jet_structured_powerlaw/csm_powerlaw/spectrum_dylan_smoothed/fixed_core_angle/20260503__anshstyle_structjet_thetacfrozen_v1/090618/090618_structjet_swept_mass_single_overlay_per_sr_vs_time.pdf
Wrote: /Users/jkeohane/Library/CloudStorage/GoogleDrive-jwkeohane@gmail.com/.shortcut-targets-by-id/1d7HnZ0yxuhMv2vPzbGBL9NNSDX9BjeDp/VegasGRBruns/Fits/jet_structured_powerlaw/csm_powerlaw/spectrum_dylan_smoothed/fixed_core_angle/20260503__anshstyle_structjet_thetacfrozen_v1/090618/090618_structjet_swept_mass_single_overlay_per_sr_vs_radius.pdf
Wrote: /Users/jkeohane/Library/CloudStorage/GoogleDrive-jwkeohane@gmail.com/.shortcut-targets-by-id/1d7HnZ0yxuhMv2vPzbGBL9NNSDX9BjeDp/VegasGRBruns/Fits/jet_structured_powerlaw/csm_powerlaw/spectrum_dylan_smoothed/fixed_core_angle/20260503__anshstyle_structjet_thetacfrozen_v1/090618/090618_structjet_swept_mass_single_overlay_two_panel.pdf
Wrote: /Users/jkeohane/Library/CloudStorage/GoogleDrive-jwkeohane@gmail.com/.shortcut-targets-by-id/1d7HnZ0yxuhMv2vPzbGBL9NNSDX9BjeDp/VegasGRBruns/Fits/jet_structured_powerlaw/csm_powerlaw/spectrum_dylan_smoothed/fixed_core_angle/20260503__anshstyle_structjet_thetacfrozen_v1/090618/090618_structjet_swept_mass_crossings.csv
RETURN 0 elapsed=15.8s

[18/56] START /Users/jkeohane/GRBs/Share_Folder/Fits/jet_structured_powerlaw/csm_powerlaw/spectrum_dylan_smoothed/fixed_core_angle/20260503__anshstyle_structjet_thetacfrozen_v1/111228A
Wrote: /Users/jkeohane/Library/CloudStorage/GoogleDrive-jwkeohane@gmail.com/.shortcut-targets-by-id/1d7HnZ0yxuhMv2vPzbGBL9NNSDX9BjeDp/VegasGRBruns/Fits/jet_structured_powerlaw/csm_powerlaw/spectrum_dylan_smoothed/fixed_core_angle/20260503__anshstyle_structjet_thetacfrozen_v1/111228A/111228A_structjet_swept_mass_diagnostics_vs_time.pdf
Wrote: /Users/jkeohane/Library/CloudStorage/GoogleDrive-jwkeohane@gmail.com/.shortcut-targets-by-id/1d7HnZ0yxuhMv2vPzbGBL9NNSDX9BjeDp/VegasGRBruns/Fits/jet_structured_powerlaw/csm_powerlaw/spectrum_dylan_smoothed/fixed_core_angle/20260503__anshstyle_structjet_thetacfrozen_v1/111228A/111228A_structjet_swept_mass_diagnostics_vs_radius.pdf
Wrote: /Users/jkeohane/Library/CloudStorage/GoogleDrive-jwkeohane@gmail.com/.shortcut-targets-by-id/1d7HnZ0yxuhMv2vPzbGBL9NNSDX9BjeDp/VegasGRBruns/Fits/jet_structured_powerlaw/csm_powerlaw/spectrum_dylan_smoothed/fixed_core_angle/20260503__anshstyle_structjet_thetacfrozen_v1/111228A/111228A_structjet_swept_mass_local_vs_coreavg_per_sr_vs_time.pdf
Wrote: /Users/jkeohane/Library/CloudStorage/GoogleDrive-jwkeohane@gmail.com/.shortcut-targets-by-id/1d7HnZ0yxuhMv2vPzbGBL9NNSDX9BjeDp/VegasGRBruns/Fits/jet_structured_powerlaw/csm_powerlaw/spectrum_dylan_smoothed/fixed_core_angle/20260503__anshstyle_structjet_thetacfrozen_v1/111228A/111228A_structjet_swept_mass_local_vs_coreavg_per_sr_vs_radius.pdf
Wrote: /Users/jkeohane/Library/CloudStorage/GoogleDrive-jwkeohane@gmail.com/.shortcut-targets-by-id/1d7HnZ0yxuhMv2vPzbGBL9NNSDX9BjeDp/VegasGRBruns/Fits/jet_structured_powerlaw/csm_powerlaw/spectrum_dylan_smoothed/fixed_core_angle/20260503__anshstyle_structjet_thetacfrozen_v1/111228A/111228A_structjet_swept_mass_single_overlay_per_sr_vs_time.pdf
Wrote: /Users/jkeohane/Library/CloudStorage/GoogleDrive-jwkeohane@gmail.com/.shortcut-targets-by-id/1d7HnZ0yxuhMv2vPzbGBL9NNSDX9BjeDp/VegasGRBruns/Fits/jet_structured_powerlaw/csm_powerlaw/spectrum_dylan_smoothed/fixed_core_angle/20260503__anshstyle_structjet_thetacfrozen_v1/111228A/111228A_structjet_swept_mass_single_overlay_per_sr_vs_radius.pdf
Wrote: /Users/jkeohane/Library/CloudStorage/GoogleDrive-jwkeohane@gmail.com/.shortcut-targets-by-id/1d7HnZ0yxuhMv2vPzbGBL9NNSDX9BjeDp/VegasGRBruns/Fits/jet_structured_powerlaw/csm_powerlaw/spectrum_dylan_smoothed/fixed_core_angle/20260503__anshstyle_structjet_thetacfrozen_v1/111228A/111228A_structjet_swept_mass_single_overlay_two_panel.pdf
Wrote: /Users/jkeohane/Library/CloudStorage/GoogleDrive-jwkeohane@gmail.com/.shortcut-targets-by-id/1d7HnZ0yxuhMv2vPzbGBL9NNSDX9BjeDp/VegasGRBruns/Fits/jet_structured_powerlaw/csm_powerlaw/spectrum_dylan_smoothed/fixed_core_angle/20260503__anshstyle_structjet_thetacfrozen_v1/111228A/111228A_structjet_swept_mass_crossings.csv
RETURN 0 elapsed=13.9s

[19/56] START /Users/jkeohane/GRBs/Share_Folder/Fits/jet_structured_powerlaw/csm_powerlaw/spectrum_dylan_smoothed/fixed_core_angle/20260503__anshstyle_structjet_thetacfrozen_v1/130612A
Wrote: /Users/jkeohane/Library/CloudStorage/GoogleDrive-jwkeohane@gmail.com/.shortcut-targets-by-id/1d7HnZ0yxuhMv2vPzbGBL9NNSDX9BjeDp/VegasGRBruns/Fits/jet_structured_powerlaw/csm_powerlaw/spectrum_dylan_smoothed/fixed_core_angle/20260503__anshstyle_structjet_thetacfrozen_v1/130612A/130612A_structjet_swept_mass_diagnostics_vs_time.pdf
Wrote: /Users/jkeohane/Library/CloudStorage/GoogleDrive-jwkeohane@gmail.com/.shortcut-targets-by-id/1d7HnZ0yxuhMv2vPzbGBL9NNSDX9BjeDp/VegasGRBruns/Fits/jet_structured_powerlaw/csm_powerlaw/spectrum_dylan_smoothed/fixed_core_angle/20260503__anshstyle_structjet_thetacfrozen_v1/130612A/130612A_structjet_swept_mass_diagnostics_vs_radius.pdf
Wrote: /Users/jkeohane/Library/CloudStorage/GoogleDrive-jwkeohane@gmail.com/.shortcut-targets-by-id/1d7HnZ0yxuhMv2vPzbGBL9NNSDX9BjeDp/VegasGRBruns/Fits/jet_structured_powerlaw/csm_powerlaw/spectrum_dylan_smoothed/fixed_core_angle/20260503__anshstyle_structjet_thetacfrozen_v1/130612A/130612A_structjet_swept_mass_local_vs_coreavg_per_sr_vs_time.pdf
Wrote: /Users/jkeohane/Library/CloudStorage/GoogleDrive-jwkeohane@gmail.com/.shortcut-targets-by-id/1d7HnZ0yxuhMv2vPzbGBL9NNSDX9BjeDp/VegasGRBruns/Fits/jet_structured_powerlaw/csm_powerlaw/spectrum_dylan_smoothed/fixed_core_angle/20260503__anshstyle_structjet_thetacfrozen_v1/130612A/130612A_structjet_swept_mass_local_vs_coreavg_per_sr_vs_radius.pdf
Wrote: /Users/jkeohane/Library/CloudStorage/GoogleDrive-jwkeohane@gmail.com/.shortcut-targets-by-id/1d7HnZ0yxuhMv2vPzbGBL9NNSDX9BjeDp/VegasGRBruns/Fits/jet_structured_powerlaw/csm_powerlaw/spectrum_dylan_smoothed/fixed_core_angle/20260503__anshstyle_structjet_thetacfrozen_v1/130612A/130612A_structjet_swept_mass_single_overlay_per_sr_vs_time.pdf
Wrote: /Users/jkeohane/Library/CloudStorage/GoogleDrive-jwkeohane@gmail.com/.shortcut-targets-by-id/1d7HnZ0yxuhMv2vPzbGBL9NNSDX9BjeDp/VegasGRBruns/Fits/jet_structured_powerlaw/csm_powerlaw/spectrum_dylan_smoothed/fixed_core_angle/20260503__anshstyle_structjet_thetacfrozen_v1/130612A/130612A_structjet_swept_mass_single_overlay_per_sr_vs_radius.pdf
Wrote: /Users/jkeohane/Library/CloudStorage/GoogleDrive-jwkeohane@gmail.com/.shortcut-targets-by-id/1d7HnZ0yxuhMv2vPzbGBL9NNSDX9BjeDp/VegasGRBruns/Fits/jet_structured_powerlaw/csm_powerlaw/spectrum_dylan_smoothed/fixed_core_angle/20260503__anshstyle_structjet_thetacfrozen_v1/130612A/130612A_structjet_swept_mass_single_overlay_two_panel.pdf
Wrote: /Users/jkeohane/Library/CloudStorage/GoogleDrive-jwkeohane@gmail.com/.shortcut-targets-by-id/1d7HnZ0yxuhMv2vPzbGBL9NNSDX9BjeDp/VegasGRBruns/Fits/jet_structured_powerlaw/csm_powerlaw/spectrum_dylan_smoothed/fixed_core_angle/20260503__anshstyle_structjet_thetacfrozen_v1/130612A/130612A_structjet_swept_mass_crossings.csv
RETURN 0 elapsed=17.4s

[20/56] START /Users/jkeohane/GRBs/Share_Folder/Fits/jet_structured_powerlaw/csm_powerlaw/spectrum_dylan_smoothed/fixed_core_angle/20260503__anshstyle_structjet_thetacfrozen_v1/131030A
Wrote: /Users/jkeohane/Library/CloudStorage/GoogleDrive-jwkeohane@gmail.com/.shortcut-targets-by-id/1d7HnZ0yxuhMv2vPzbGBL9NNSDX9BjeDp/VegasGRBruns/Fits/jet_structured_powerlaw/csm_powerlaw/spectrum_dylan_smoothed/fixed_core_angle/20260503__anshstyle_structjet_thetacfrozen_v1/131030A/131030A_structjet_swept_mass_diagnostics_vs_time.pdf
Wrote: /Users/jkeohane/Library/CloudStorage/GoogleDrive-jwkeohane@gmail.com/.shortcut-targets-by-id/1d7HnZ0yxuhMv2vPzbGBL9NNSDX9BjeDp/VegasGRBruns/Fits/jet_structured_powerlaw/csm_powerlaw/spectrum_dylan_smoothed/fixed_core_angle/20260503__anshstyle_structjet_thetacfrozen_v1/131030A/131030A_structjet_swept_mass_diagnostics_vs_radius.pdf
Wrote: /Users/jkeohane/Library/CloudStorage/GoogleDrive-jwkeohane@gmail.com/.shortcut-targets-by-id/1d7HnZ0yxuhMv2vPzbGBL9NNSDX9BjeDp/VegasGRBruns/Fits/jet_structured_powerlaw/csm_powerlaw/spectrum_dylan_smoothed/fixed_core_angle/20260503__anshstyle_structjet_thetacfrozen_v1/131030A/131030A_structjet_swept_mass_local_vs_coreavg_per_sr_vs_time.pdf
Wrote: /Users/jkeohane/Library/CloudStorage/GoogleDrive-jwkeohane@gmail.com/.shortcut-targets-by-id/1d7HnZ0yxuhMv2vPzbGBL9NNSDX9BjeDp/VegasGRBruns/Fits/jet_structured_powerlaw/csm_powerlaw/spectrum_dylan_smoothed/fixed_core_angle/20260503__anshstyle_structjet_thetacfrozen_v1/131030A/131030A_structjet_swept_mass_local_vs_coreavg_per_sr_vs_radius.pdf
Wrote: /Users/jkeohane/Library/CloudStorage/GoogleDrive-jwkeohane@gmail.com/.shortcut-targets-by-id/1d7HnZ0yxuhMv2vPzbGBL9NNSDX9BjeDp/VegasGRBruns/Fits/jet_structured_powerlaw/csm_powerlaw/spectrum_dylan_smoothed/fixed_core_angle/20260503__anshstyle_structjet_thetacfrozen_v1/131030A/131030A_structjet_swept_mass_single_overlay_per_sr_vs_time.pdf
Wrote: /Users/jkeohane/Library/CloudStorage/GoogleDrive-jwkeohane@gmail.com/.shortcut-targets-by-id/1d7HnZ0yxuhMv2vPzbGBL9NNSDX9BjeDp/VegasGRBruns/Fits/jet_structured_powerlaw/csm_powerlaw/spectrum_dylan_smoothed/fixed_core_angle/20260503__anshstyle_structjet_thetacfrozen_v1/131030A/131030A_structjet_swept_mass_single_overlay_per_sr_vs_radius.pdf
Wrote: /Users/jkeohane/Library/CloudStorage/GoogleDrive-jwkeohane@gmail.com/.shortcut-targets-by-id/1d7HnZ0yxuhMv2vPzbGBL9NNSDX9BjeDp/VegasGRBruns/Fits/jet_structured_powerlaw/csm_powerlaw/spectrum_dylan_smoothed/fixed_core_angle/20260503__anshstyle_structjet_thetacfrozen_v1/131030A/131030A_structjet_swept_mass_single_overlay_two_panel.pdf
Wrote: /Users/jkeohane/Library/CloudStorage/GoogleDrive-jwkeohane@gmail.com/.shortcut-targets-by-id/1d7HnZ0yxuhMv2vPzbGBL9NNSDX9BjeDp/VegasGRBruns/Fits/jet_structured_powerlaw/csm_powerlaw/spectrum_dylan_smoothed/fixed_core_angle/20260503__anshstyle_structjet_thetacfrozen_v1/131030A/131030A_structjet_swept_mass_crossings.csv
RETURN 0 elapsed=11.8s

[21/56] START /Users/jkeohane/GRBs/Share_Folder/Fits/jet_structured_powerlaw/csm_powerlaw/spectrum_dylan_smoothed/fixed_core_angle/20260503__anshstyle_structjet_thetacfrozen_v1/140506A
Wrote: /Users/jkeohane/Library/CloudStorage/GoogleDrive-jwkeohane@gmail.com/.shortcut-targets-by-id/1d7HnZ0yxuhMv2vPzbGBL9NNSDX9BjeDp/VegasGRBruns/Fits/jet_structured_powerlaw/csm_powerlaw/spectrum_dylan_smoothed/fixed_core_angle/20260503__anshstyle_structjet_thetacfrozen_v1/140506A/140506A_structjet_swept_mass_diagnostics_vs_time.pdf
Wrote: /Users/jkeohane/Library/CloudStorage/GoogleDrive-jwkeohane@gmail.com/.shortcut-targets-by-id/1d7HnZ0yxuhMv2vPzbGBL9NNSDX9BjeDp/VegasGRBruns/Fits/jet_structured_powerlaw/csm_powerlaw/spectrum_dylan_smoothed/fixed_core_angle/20260503__anshstyle_structjet_thetacfrozen_v1/140506A/140506A_structjet_swept_mass_diagnostics_vs_radius.pdf
Wrote: /Users/jkeohane/Library/CloudStorage/GoogleDrive-jwkeohane@gmail.com/.shortcut-targets-by-id/1d7HnZ0yxuhMv2vPzbGBL9NNSDX9BjeDp/VegasGRBruns/Fits/jet_structured_powerlaw/csm_powerlaw/spectrum_dylan_smoothed/fixed_core_angle/20260503__anshstyle_structjet_thetacfrozen_v1/140506A/140506A_structjet_swept_mass_local_vs_coreavg_per_sr_vs_time.pdf
Wrote: /Users/jkeohane/Library/CloudStorage/GoogleDrive-jwkeohane@gmail.com/.shortcut-targets-by-id/1d7HnZ0yxuhMv2vPzbGBL9NNSDX9BjeDp/VegasGRBruns/Fits/jet_structured_powerlaw/csm_powerlaw/spectrum_dylan_smoothed/fixed_core_angle/20260503__anshstyle_structjet_thetacfrozen_v1/140506A/140506A_structjet_swept_mass_local_vs_coreavg_per_sr_vs_radius.pdf
Wrote: /Users/jkeohane/Library/CloudStorage/GoogleDrive-jwkeohane@gmail.com/.shortcut-targets-by-id/1d7HnZ0yxuhMv2vPzbGBL9NNSDX9BjeDp/VegasGRBruns/Fits/jet_structured_powerlaw/csm_powerlaw/spectrum_dylan_smoothed/fixed_core_angle/20260503__anshstyle_structjet_thetacfrozen_v1/140506A/140506A_structjet_swept_mass_single_overlay_per_sr_vs_time.pdf
Wrote: /Users/jkeohane/Library/CloudStorage/GoogleDrive-jwkeohane@gmail.com/.shortcut-targets-by-id/1d7HnZ0yxuhMv2vPzbGBL9NNSDX9BjeDp/VegasGRBruns/Fits/jet_structured_powerlaw/csm_powerlaw/spectrum_dylan_smoothed/fixed_core_angle/20260503__anshstyle_structjet_thetacfrozen_v1/140506A/140506A_structjet_swept_mass_single_overlay_per_sr_vs_radius.pdf
Wrote: /Users/jkeohane/Library/CloudStorage/GoogleDrive-jwkeohane@gmail.com/.shortcut-targets-by-id/1d7HnZ0yxuhMv2vPzbGBL9NNSDX9BjeDp/VegasGRBruns/Fits/jet_structured_powerlaw/csm_powerlaw/spectrum_dylan_smoothed/fixed_core_angle/20260503__anshstyle_structjet_thetacfrozen_v1/140506A/140506A_structjet_swept_mass_single_overlay_two_panel.pdf
Wrote: /Users/jkeohane/Library/CloudStorage/GoogleDrive-jwkeohane@gmail.com/.shortcut-targets-by-id/1d7HnZ0yxuhMv2vPzbGBL9NNSDX9BjeDp/VegasGRBruns/Fits/jet_structured_powerlaw/csm_powerlaw/spectrum_dylan_smoothed/fixed_core_angle/20260503__anshstyle_structjet_thetacfrozen_v1/140506A/140506A_structjet_swept_mass_crossings.csv
RETURN 0 elapsed=18.8s

[22/56] START /Users/jkeohane/GRBs/Share_Folder/Fits/jet_structured_powerlaw/csm_powerlaw/spectrum_dylan_smoothed/fixed_core_angle/20260503__anshstyle_structjet_thetacfrozen_v1/160131A
Wrote: /Users/jkeohane/Library/CloudStorage/GoogleDrive-jwkeohane@gmail.com/.shortcut-targets-by-id/1d7HnZ0yxuhMv2vPzbGBL9NNSDX9BjeDp/VegasGRBruns/Fits/jet_structured_powerlaw/csm_powerlaw/spectrum_dylan_smoothed/fixed_core_angle/20260503__anshstyle_structjet_thetacfrozen_v1/160131A/160131A_structjet_swept_mass_diagnostics_vs_time.pdf
Wrote: /Users/jkeohane/Library/CloudStorage/GoogleDrive-jwkeohane@gmail.com/.shortcut-targets-by-id/1d7HnZ0yxuhMv2vPzbGBL9NNSDX9BjeDp/VegasGRBruns/Fits/jet_structured_powerlaw/csm_powerlaw/spectrum_dylan_smoothed/fixed_core_angle/20260503__anshstyle_structjet_thetacfrozen_v1/160131A/160131A_structjet_swept_mass_diagnostics_vs_radius.pdf
Wrote: /Users/jkeohane/Library/CloudStorage/GoogleDrive-jwkeohane@gmail.com/.shortcut-targets-by-id/1d7HnZ0yxuhMv2vPzbGBL9NNSDX9BjeDp/VegasGRBruns/Fits/jet_structured_powerlaw/csm_powerlaw/spectrum_dylan_smoothed/fixed_core_angle/20260503__anshstyle_structjet_thetacfrozen_v1/160131A/160131A_structjet_swept_mass_local_vs_coreavg_per_sr_vs_time.pdf
Wrote: /Users/jkeohane/Library/CloudStorage/GoogleDrive-jwkeohane@gmail.com/.shortcut-targets-by-id/1d7HnZ0yxuhMv2vPzbGBL9NNSDX9BjeDp/VegasGRBruns/Fits/jet_structured_powerlaw/csm_powerlaw/spectrum_dylan_smoothed/fixed_core_angle/20260503__anshstyle_structjet_thetacfrozen_v1/160131A/160131A_structjet_swept_mass_local_vs_coreavg_per_sr_vs_radius.pdf
Wrote: /Users/jkeohane/Library/CloudStorage/GoogleDrive-jwkeohane@gmail.com/.shortcut-targets-by-id/1d7HnZ0yxuhMv2vPzbGBL9NNSDX9BjeDp/VegasGRBruns/Fits/jet_structured_powerlaw/csm_powerlaw/spectrum_dylan_smoothed/fixed_core_angle/20260503__anshstyle_structjet_thetacfrozen_v1/160131A/160131A_structjet_swept_mass_single_overlay_per_sr_vs_time.pdf
Wrote: /Users/jkeohane/Library/CloudStorage/GoogleDrive-jwkeohane@gmail.com/.shortcut-targets-by-id/1d7HnZ0yxuhMv2vPzbGBL9NNSDX9BjeDp/VegasGRBruns/Fits/jet_structured_powerlaw/csm_powerlaw/spectrum_dylan_smoothed/fixed_core_angle/20260503__anshstyle_structjet_thetacfrozen_v1/160131A/160131A_structjet_swept_mass_single_overlay_per_sr_vs_radius.pdf
Wrote: /Users/jkeohane/Library/CloudStorage/GoogleDrive-jwkeohane@gmail.com/.shortcut-targets-by-id/1d7HnZ0yxuhMv2vPzbGBL9NNSDX9BjeDp/VegasGRBruns/Fits/jet_structured_powerlaw/csm_powerlaw/spectrum_dylan_smoothed/fixed_core_angle/20260503__anshstyle_structjet_thetacfrozen_v1/160131A/160131A_structjet_swept_mass_single_overlay_two_panel.pdf
Wrote: /Users/jkeohane/Library/CloudStorage/GoogleDrive-jwkeohane@gmail.com/.shortcut-targets-by-id/1d7HnZ0yxuhMv2vPzbGBL9NNSDX9BjeDp/VegasGRBruns/Fits/jet_structured_powerlaw/csm_powerlaw/spectrum_dylan_smoothed/fixed_core_angle/20260503__anshstyle_structjet_thetacfrozen_v1/160131A/160131A_structjet_swept_mass_crossings.csv
RETURN 0 elapsed=20.2s

[23/56] START /Users/jkeohane/GRBs/Share_Folder/Fits/jet_structured_powerlaw/csm_powerlaw/spectrum_dylan_smoothed/fixed_core_angle/20260503__anshstyle_structjet_thetacfrozen_v1/171010A
Wrote: /Users/jkeohane/Library/CloudStorage/GoogleDrive-jwkeohane@gmail.com/.shortcut-targets-by-id/1d7HnZ0yxuhMv2vPzbGBL9NNSDX9BjeDp/VegasGRBruns/Fits/jet_structured_powerlaw/csm_powerlaw/spectrum_dylan_smoothed/fixed_core_angle/20260503__anshstyle_structjet_thetacfrozen_v1/171010A/171010A_structjet_swept_mass_diagnostics_vs_time.pdf
Wrote: /Users/jkeohane/Library/CloudStorage/GoogleDrive-jwkeohane@gmail.com/.shortcut-targets-by-id/1d7HnZ0yxuhMv2vPzbGBL9NNSDX9BjeDp/VegasGRBruns/Fits/jet_structured_powerlaw/csm_powerlaw/spectrum_dylan_smoothed/fixed_core_angle/20260503__anshstyle_structjet_thetacfrozen_v1/171010A/171010A_structjet_swept_mass_diagnostics_vs_radius.pdf
Wrote: /Users/jkeohane/Library/CloudStorage/GoogleDrive-jwkeohane@gmail.com/.shortcut-targets-by-id/1d7HnZ0yxuhMv2vPzbGBL9NNSDX9BjeDp/VegasGRBruns/Fits/jet_structured_powerlaw/csm_powerlaw/spectrum_dylan_smoothed/fixed_core_angle/20260503__anshstyle_structjet_thetacfrozen_v1/171010A/171010A_structjet_swept_mass_local_vs_coreavg_per_sr_vs_time.pdf
Wrote: /Users/jkeohane/Library/CloudStorage/GoogleDrive-jwkeohane@gmail.com/.shortcut-targets-by-id/1d7HnZ0yxuhMv2vPzbGBL9NNSDX9BjeDp/VegasGRBruns/Fits/jet_structured_powerlaw/csm_powerlaw/spectrum_dylan_smoothed/fixed_core_angle/20260503__anshstyle_structjet_thetacfrozen_v1/171010A/171010A_structjet_swept_mass_local_vs_coreavg_per_sr_vs_radius.pdf
Wrote: /Users/jkeohane/Library/CloudStorage/GoogleDrive-jwkeohane@gmail.com/.shortcut-targets-by-id/1d7HnZ0yxuhMv2vPzbGBL9NNSDX9BjeDp/VegasGRBruns/Fits/jet_structured_powerlaw/csm_powerlaw/spectrum_dylan_smoothed/fixed_core_angle/20260503__anshstyle_structjet_thetacfrozen_v1/171010A/171010A_structjet_swept_mass_single_overlay_per_sr_vs_time.pdf
Wrote: /Users/jkeohane/Library/CloudStorage/GoogleDrive-jwkeohane@gmail.com/.shortcut-targets-by-id/1d7HnZ0yxuhMv2vPzbGBL9NNSDX9BjeDp/VegasGRBruns/Fits/jet_structured_powerlaw/csm_powerlaw/spectrum_dylan_smoothed/fixed_core_angle/20260503__anshstyle_structjet_thetacfrozen_v1/171010A/171010A_structjet_swept_mass_single_overlay_per_sr_vs_radius.pdf
Wrote: /Users/jkeohane/Library/CloudStorage/GoogleDrive-jwkeohane@gmail.com/.shortcut-targets-by-id/1d7HnZ0yxuhMv2vPzbGBL9NNSDX9BjeDp/VegasGRBruns/Fits/jet_structured_powerlaw/csm_powerlaw/spectrum_dylan_smoothed/fixed_core_angle/20260503__anshstyle_structjet_thetacfrozen_v1/171010A/171010A_structjet_swept_mass_single_overlay_two_panel.pdf
Wrote: /Users/jkeohane/Library/CloudStorage/GoogleDrive-jwkeohane@gmail.com/.shortcut-targets-by-id/1d7HnZ0yxuhMv2vPzbGBL9NNSDX9BjeDp/VegasGRBruns/Fits/jet_structured_powerlaw/csm_powerlaw/spectrum_dylan_smoothed/fixed_core_angle/20260503__anshstyle_structjet_thetacfrozen_v1/171010A/171010A_structjet_swept_mass_crossings.csv
RETURN 0 elapsed=13.4s

[24/56] START /Users/jkeohane/GRBs/Share_Folder/Fits/jet_structured_powerlaw/csm_powerlaw/spectrum_dylan_smoothed/fixed_core_angle/20260503__anshstyle_structjet_thetacfrozen_v1/220101A
Wrote: /Users/jkeohane/Library/CloudStorage/GoogleDrive-jwkeohane@gmail.com/.shortcut-targets-by-id/1d7HnZ0yxuhMv2vPzbGBL9NNSDX9BjeDp/VegasGRBruns/Fits/jet_structured_powerlaw/csm_powerlaw/spectrum_dylan_smoothed/fixed_core_angle/20260503__anshstyle_structjet_thetacfrozen_v1/220101A/220101A_structjet_swept_mass_diagnostics_vs_time.pdf
Wrote: /Users/jkeohane/Library/CloudStorage/GoogleDrive-jwkeohane@gmail.com/.shortcut-targets-by-id/1d7HnZ0yxuhMv2vPzbGBL9NNSDX9BjeDp/VegasGRBruns/Fits/jet_structured_powerlaw/csm_powerlaw/spectrum_dylan_smoothed/fixed_core_angle/20260503__anshstyle_structjet_thetacfrozen_v1/220101A/220101A_structjet_swept_mass_diagnostics_vs_radius.pdf
Wrote: /Users/jkeohane/Library/CloudStorage/GoogleDrive-jwkeohane@gmail.com/.shortcut-targets-by-id/1d7HnZ0yxuhMv2vPzbGBL9NNSDX9BjeDp/VegasGRBruns/Fits/jet_structured_powerlaw/csm_powerlaw/spectrum_dylan_smoothed/fixed_core_angle/20260503__anshstyle_structjet_thetacfrozen_v1/220101A/220101A_structjet_swept_mass_local_vs_coreavg_per_sr_vs_time.pdf
Wrote: /Users/jkeohane/Library/CloudStorage/GoogleDrive-jwkeohane@gmail.com/.shortcut-targets-by-id/1d7HnZ0yxuhMv2vPzbGBL9NNSDX9BjeDp/VegasGRBruns/Fits/jet_structured_powerlaw/csm_powerlaw/spectrum_dylan_smoothed/fixed_core_angle/20260503__anshstyle_structjet_thetacfrozen_v1/220101A/220101A_structjet_swept_mass_local_vs_coreavg_per_sr_vs_radius.pdf
Wrote: /Users/jkeohane/Library/CloudStorage/GoogleDrive-jwkeohane@gmail.com/.shortcut-targets-by-id/1d7HnZ0yxuhMv2vPzbGBL9NNSDX9BjeDp/VegasGRBruns/Fits/jet_structured_powerlaw/csm_powerlaw/spectrum_dylan_smoothed/fixed_core_angle/20260503__anshstyle_structjet_thetacfrozen_v1/220101A/220101A_structjet_swept_mass_single_overlay_per_sr_vs_time.pdf
Wrote: /Users/jkeohane/Library/CloudStorage/GoogleDrive-jwkeohane@gmail.com/.shortcut-targets-by-id/1d7HnZ0yxuhMv2vPzbGBL9NNSDX9BjeDp/VegasGRBruns/Fits/jet_structured_powerlaw/csm_powerlaw/spectrum_dylan_smoothed/fixed_core_angle/20260503__anshstyle_structjet_thetacfrozen_v1/220101A/220101A_structjet_swept_mass_single_overlay_per_sr_vs_radius.pdf
Wrote: /Users/jkeohane/Library/CloudStorage/GoogleDrive-jwkeohane@gmail.com/.shortcut-targets-by-id/1d7HnZ0yxuhMv2vPzbGBL9NNSDX9BjeDp/VegasGRBruns/Fits/jet_structured_powerlaw/csm_powerlaw/spectrum_dylan_smoothed/fixed_core_angle/20260503__anshstyle_structjet_thetacfrozen_v1/220101A/220101A_structjet_swept_mass_single_overlay_two_panel.pdf
Wrote: /Users/jkeohane/Library/CloudStorage/GoogleDrive-jwkeohane@gmail.com/.shortcut-targets-by-id/1d7HnZ0yxuhMv2vPzbGBL9NNSDX9BjeDp/VegasGRBruns/Fits/jet_structured_powerlaw/csm_powerlaw/spectrum_dylan_smoothed/fixed_core_angle/20260503__anshstyle_structjet_thetacfrozen_v1/220101A/220101A_structjet_swept_mass_crossings.csv
RETURN 0 elapsed=11.7s

[25/56] START /Users/jkeohane/GRBs/Share_Folder/Fits/jet_structured_powerlaw/csm_powerlaw/spectrum_dylan_smoothed/fixed_core_angle/20260503__anshstyle_structjet_thetacfrozen_v1/221009A
Wrote: /Users/jkeohane/Library/CloudStorage/GoogleDrive-jwkeohane@gmail.com/.shortcut-targets-by-id/1d7HnZ0yxuhMv2vPzbGBL9NNSDX9BjeDp/VegasGRBruns/Fits/jet_structured_powerlaw/csm_powerlaw/spectrum_dylan_smoothed/fixed_core_angle/20260503__anshstyle_structjet_thetacfrozen_v1/221009A/221009A_structjet_swept_mass_diagnostics_vs_time.pdf
Wrote: /Users/jkeohane/Library/CloudStorage/GoogleDrive-jwkeohane@gmail.com/.shortcut-targets-by-id/1d7HnZ0yxuhMv2vPzbGBL9NNSDX9BjeDp/VegasGRBruns/Fits/jet_structured_powerlaw/csm_powerlaw/spectrum_dylan_smoothed/fixed_core_angle/20260503__anshstyle_structjet_thetacfrozen_v1/221009A/221009A_structjet_swept_mass_diagnostics_vs_radius.pdf
Wrote: /Users/jkeohane/Library/CloudStorage/GoogleDrive-jwkeohane@gmail.com/.shortcut-targets-by-id/1d7HnZ0yxuhMv2vPzbGBL9NNSDX9BjeDp/VegasGRBruns/Fits/jet_structured_powerlaw/csm_powerlaw/spectrum_dylan_smoothed/fixed_core_angle/20260503__anshstyle_structjet_thetacfrozen_v1/221009A/221009A_structjet_swept_mass_local_vs_coreavg_per_sr_vs_time.pdf
Wrote: /Users/jkeohane/Library/CloudStorage/GoogleDrive-jwkeohane@gmail.com/.shortcut-targets-by-id/1d7HnZ0yxuhMv2vPzbGBL9NNSDX9BjeDp/VegasGRBruns/Fits/jet_structured_powerlaw/csm_powerlaw/spectrum_dylan_smoothed/fixed_core_angle/20260503__anshstyle_structjet_thetacfrozen_v1/221009A/221009A_structjet_swept_mass_local_vs_coreavg_per_sr_vs_radius.pdf
Wrote: /Users/jkeohane/Library/CloudStorage/GoogleDrive-jwkeohane@gmail.com/.shortcut-targets-by-id/1d7HnZ0yxuhMv2vPzbGBL9NNSDX9BjeDp/VegasGRBruns/Fits/jet_structured_powerlaw/csm_powerlaw/spectrum_dylan_smoothed/fixed_core_angle/20260503__anshstyle_structjet_thetacfrozen_v1/221009A/221009A_structjet_swept_mass_single_overlay_per_sr_vs_time.pdf
Wrote: /Users/jkeohane/Library/CloudStorage/GoogleDrive-jwkeohane@gmail.com/.shortcut-targets-by-id/1d7HnZ0yxuhMv2vPzbGBL9NNSDX9BjeDp/VegasGRBruns/Fits/jet_structured_powerlaw/csm_powerlaw/spectrum_dylan_smoothed/fixed_core_angle/20260503__anshstyle_structjet_thetacfrozen_v1/221009A/221009A_structjet_swept_mass_single_overlay_per_sr_vs_radius.pdf
Wrote: /Users/jkeohane/Library/CloudStorage/GoogleDrive-jwkeohane@gmail.com/.shortcut-targets-by-id/1d7HnZ0yxuhMv2vPzbGBL9NNSDX9BjeDp/VegasGRBruns/Fits/jet_structured_powerlaw/csm_powerlaw/spectrum_dylan_smoothed/fixed_core_angle/20260503__anshstyle_structjet_thetacfrozen_v1/221009A/221009A_structjet_swept_mass_single_overlay_two_panel.pdf
Wrote: /Users/jkeohane/Library/CloudStorage/GoogleDrive-jwkeohane@gmail.com/.shortcut-targets-by-id/1d7HnZ0yxuhMv2vPzbGBL9NNSDX9BjeDp/VegasGRBruns/Fits/jet_structured_powerlaw/csm_powerlaw/spectrum_dylan_smoothed/fixed_core_angle/20260503__anshstyle_structjet_thetacfrozen_v1/221009A/221009A_structjet_swept_mass_crossings.csv
RETURN 0 elapsed=16.3s

[26/56] START /Users/jkeohane/GRBs/Share_Folder/Fits/jet_structured_powerlaw/csm_powerlaw/spectrum_dylan_smoothed/thawed_core_angle/20260423__powerlawjet_thetacfree_seeded_2000x2000_v1/050525A
Wrote: /Users/jkeohane/Library/CloudStorage/GoogleDrive-jwkeohane@gmail.com/.shortcut-targets-by-id/1d7HnZ0yxuhMv2vPzbGBL9NNSDX9BjeDp/VegasGRBruns/Fits/jet_structured_powerlaw/csm_powerlaw/spectrum_dylan_smoothed/thawed_core_angle/20260423__powerlawjet_thetacfree_seeded_2000x2000_v1/050525A/050525A_structjet_swept_mass_diagnostics_vs_time.pdf
Wrote: /Users/jkeohane/Library/CloudStorage/GoogleDrive-jwkeohane@gmail.com/.shortcut-targets-by-id/1d7HnZ0yxuhMv2vPzbGBL9NNSDX9BjeDp/VegasGRBruns/Fits/jet_structured_powerlaw/csm_powerlaw/spectrum_dylan_smoothed/thawed_core_angle/20260423__powerlawjet_thetacfree_seeded_2000x2000_v1/050525A/050525A_structjet_swept_mass_diagnostics_vs_radius.pdf
Wrote: /Users/jkeohane/Library/CloudStorage/GoogleDrive-jwkeohane@gmail.com/.shortcut-targets-by-id/1d7HnZ0yxuhMv2vPzbGBL9NNSDX9BjeDp/VegasGRBruns/Fits/jet_structured_powerlaw/csm_powerlaw/spectrum_dylan_smoothed/thawed_core_angle/20260423__powerlawjet_thetacfree_seeded_2000x2000_v1/050525A/050525A_structjet_swept_mass_local_vs_coreavg_per_sr_vs_time.pdf
Wrote: /Users/jkeohane/Library/CloudStorage/GoogleDrive-jwkeohane@gmail.com/.shortcut-targets-by-id/1d7HnZ0yxuhMv2vPzbGBL9NNSDX9BjeDp/VegasGRBruns/Fits/jet_structured_powerlaw/csm_powerlaw/spectrum_dylan_smoothed/thawed_core_angle/20260423__powerlawjet_thetacfree_seeded_2000x2000_v1/050525A/050525A_structjet_swept_mass_local_vs_coreavg_per_sr_vs_radius.pdf
Wrote: /Users/jkeohane/Library/CloudStorage/GoogleDrive-jwkeohane@gmail.com/.shortcut-targets-by-id/1d7HnZ0yxuhMv2vPzbGBL9NNSDX9BjeDp/VegasGRBruns/Fits/jet_structured_powerlaw/csm_powerlaw/spectrum_dylan_smoothed/thawed_core_angle/20260423__powerlawjet_thetacfree_seeded_2000x2000_v1/050525A/050525A_structjet_swept_mass_single_overlay_per_sr_vs_time.pdf
Wrote: /Users/jkeohane/Library/CloudStorage/GoogleDrive-jwkeohane@gmail.com/.shortcut-targets-by-id/1d7HnZ0yxuhMv2vPzbGBL9NNSDX9BjeDp/VegasGRBruns/Fits/jet_structured_powerlaw/csm_powerlaw/spectrum_dylan_smoothed/thawed_core_angle/20260423__powerlawjet_thetacfree_seeded_2000x2000_v1/050525A/050525A_structjet_swept_mass_single_overlay_per_sr_vs_radius.pdf
Wrote: /Users/jkeohane/Library/CloudStorage/GoogleDrive-jwkeohane@gmail.com/.shortcut-targets-by-id/1d7HnZ0yxuhMv2vPzbGBL9NNSDX9BjeDp/VegasGRBruns/Fits/jet_structured_powerlaw/csm_powerlaw/spectrum_dylan_smoothed/thawed_core_angle/20260423__powerlawjet_thetacfree_seeded_2000x2000_v1/050525A/050525A_structjet_swept_mass_single_overlay_two_panel.pdf
Wrote: /Users/jkeohane/Library/CloudStorage/GoogleDrive-jwkeohane@gmail.com/.shortcut-targets-by-id/1d7HnZ0yxuhMv2vPzbGBL9NNSDX9BjeDp/VegasGRBruns/Fits/jet_structured_powerlaw/csm_powerlaw/spectrum_dylan_smoothed/thawed_core_angle/20260423__powerlawjet_thetacfree_seeded_2000x2000_v1/050525A/050525A_structjet_swept_mass_crossings.csv
RETURN 0 elapsed=20.9s

[27/56] START /Users/jkeohane/GRBs/Share_Folder/Fits/jet_structured_powerlaw/csm_powerlaw/spectrum_dylan_smoothed/thawed_core_angle/20260423__powerlawjet_thetacfree_seeded_2000x2000_v1/050922C
Wrote: /Users/jkeohane/Library/CloudStorage/GoogleDrive-jwkeohane@gmail.com/.shortcut-targets-by-id/1d7HnZ0yxuhMv2vPzbGBL9NNSDX9BjeDp/VegasGRBruns/Fits/jet_structured_powerlaw/csm_powerlaw/spectrum_dylan_smoothed/thawed_core_angle/20260423__powerlawjet_thetacfree_seeded_2000x2000_v1/050922C/050922C_structjet_swept_mass_diagnostics_vs_time.pdf
Wrote: /Users/jkeohane/Library/CloudStorage/GoogleDrive-jwkeohane@gmail.com/.shortcut-targets-by-id/1d7HnZ0yxuhMv2vPzbGBL9NNSDX9BjeDp/VegasGRBruns/Fits/jet_structured_powerlaw/csm_powerlaw/spectrum_dylan_smoothed/thawed_core_angle/20260423__powerlawjet_thetacfree_seeded_2000x2000_v1/050922C/050922C_structjet_swept_mass_diagnostics_vs_radius.pdf
Wrote: /Users/jkeohane/Library/CloudStorage/GoogleDrive-jwkeohane@gmail.com/.shortcut-targets-by-id/1d7HnZ0yxuhMv2vPzbGBL9NNSDX9BjeDp/VegasGRBruns/Fits/jet_structured_powerlaw/csm_powerlaw/spectrum_dylan_smoothed/thawed_core_angle/20260423__powerlawjet_thetacfree_seeded_2000x2000_v1/050922C/050922C_structjet_swept_mass_local_vs_coreavg_per_sr_vs_time.pdf
Wrote: /Users/jkeohane/Library/CloudStorage/GoogleDrive-jwkeohane@gmail.com/.shortcut-targets-by-id/1d7HnZ0yxuhMv2vPzbGBL9NNSDX9BjeDp/VegasGRBruns/Fits/jet_structured_powerlaw/csm_powerlaw/spectrum_dylan_smoothed/thawed_core_angle/20260423__powerlawjet_thetacfree_seeded_2000x2000_v1/050922C/050922C_structjet_swept_mass_local_vs_coreavg_per_sr_vs_radius.pdf
Wrote: /Users/jkeohane/Library/CloudStorage/GoogleDrive-jwkeohane@gmail.com/.shortcut-targets-by-id/1d7HnZ0yxuhMv2vPzbGBL9NNSDX9BjeDp/VegasGRBruns/Fits/jet_structured_powerlaw/csm_powerlaw/spectrum_dylan_smoothed/thawed_core_angle/20260423__powerlawjet_thetacfree_seeded_2000x2000_v1/050922C/050922C_structjet_swept_mass_single_overlay_per_sr_vs_time.pdf
Wrote: /Users/jkeohane/Library/CloudStorage/GoogleDrive-jwkeohane@gmail.com/.shortcut-targets-by-id/1d7HnZ0yxuhMv2vPzbGBL9NNSDX9BjeDp/VegasGRBruns/Fits/jet_structured_powerlaw/csm_powerlaw/spectrum_dylan_smoothed/thawed_core_angle/20260423__powerlawjet_thetacfree_seeded_2000x2000_v1/050922C/050922C_structjet_swept_mass_single_overlay_per_sr_vs_radius.pdf
Wrote: /Users/jkeohane/Library/CloudStorage/GoogleDrive-jwkeohane@gmail.com/.shortcut-targets-by-id/1d7HnZ0yxuhMv2vPzbGBL9NNSDX9BjeDp/VegasGRBruns/Fits/jet_structured_powerlaw/csm_powerlaw/spectrum_dylan_smoothed/thawed_core_angle/20260423__powerlawjet_thetacfree_seeded_2000x2000_v1/050922C/050922C_structjet_swept_mass_single_overlay_two_panel.pdf
Wrote: /Users/jkeohane/Library/CloudStorage/GoogleDrive-jwkeohane@gmail.com/.shortcut-targets-by-id/1d7HnZ0yxuhMv2vPzbGBL9NNSDX9BjeDp/VegasGRBruns/Fits/jet_structured_powerlaw/csm_powerlaw/spectrum_dylan_smoothed/thawed_core_angle/20260423__powerlawjet_thetacfree_seeded_2000x2000_v1/050922C/050922C_structjet_swept_mass_crossings.csv
RETURN 0 elapsed=17.2s

[28/56] START /Users/jkeohane/GRBs/Share_Folder/Fits/jet_structured_powerlaw/csm_powerlaw/spectrum_dylan_smoothed/thawed_core_angle/20260423__powerlawjet_thetacfree_seeded_2000x2000_v1/090424
Wrote: /Users/jkeohane/Library/CloudStorage/GoogleDrive-jwkeohane@gmail.com/.shortcut-targets-by-id/1d7HnZ0yxuhMv2vPzbGBL9NNSDX9BjeDp/VegasGRBruns/Fits/jet_structured_powerlaw/csm_powerlaw/spectrum_dylan_smoothed/thawed_core_angle/20260423__powerlawjet_thetacfree_seeded_2000x2000_v1/090424/090424_structjet_swept_mass_diagnostics_vs_time.pdf
Wrote: /Users/jkeohane/Library/CloudStorage/GoogleDrive-jwkeohane@gmail.com/.shortcut-targets-by-id/1d7HnZ0yxuhMv2vPzbGBL9NNSDX9BjeDp/VegasGRBruns/Fits/jet_structured_powerlaw/csm_powerlaw/spectrum_dylan_smoothed/thawed_core_angle/20260423__powerlawjet_thetacfree_seeded_2000x2000_v1/090424/090424_structjet_swept_mass_diagnostics_vs_radius.pdf
Wrote: /Users/jkeohane/Library/CloudStorage/GoogleDrive-jwkeohane@gmail.com/.shortcut-targets-by-id/1d7HnZ0yxuhMv2vPzbGBL9NNSDX9BjeDp/VegasGRBruns/Fits/jet_structured_powerlaw/csm_powerlaw/spectrum_dylan_smoothed/thawed_core_angle/20260423__powerlawjet_thetacfree_seeded_2000x2000_v1/090424/090424_structjet_swept_mass_local_vs_coreavg_per_sr_vs_time.pdf
Wrote: /Users/jkeohane/Library/CloudStorage/GoogleDrive-jwkeohane@gmail.com/.shortcut-targets-by-id/1d7HnZ0yxuhMv2vPzbGBL9NNSDX9BjeDp/VegasGRBruns/Fits/jet_structured_powerlaw/csm_powerlaw/spectrum_dylan_smoothed/thawed_core_angle/20260423__powerlawjet_thetacfree_seeded_2000x2000_v1/090424/090424_structjet_swept_mass_local_vs_coreavg_per_sr_vs_radius.pdf
Wrote: /Users/jkeohane/Library/CloudStorage/GoogleDrive-jwkeohane@gmail.com/.shortcut-targets-by-id/1d7HnZ0yxuhMv2vPzbGBL9NNSDX9BjeDp/VegasGRBruns/Fits/jet_structured_powerlaw/csm_powerlaw/spectrum_dylan_smoothed/thawed_core_angle/20260423__powerlawjet_thetacfree_seeded_2000x2000_v1/090424/090424_structjet_swept_mass_single_overlay_per_sr_vs_time.pdf
Wrote: /Users/jkeohane/Library/CloudStorage/GoogleDrive-jwkeohane@gmail.com/.shortcut-targets-by-id/1d7HnZ0yxuhMv2vPzbGBL9NNSDX9BjeDp/VegasGRBruns/Fits/jet_structured_powerlaw/csm_powerlaw/spectrum_dylan_smoothed/thawed_core_angle/20260423__powerlawjet_thetacfree_seeded_2000x2000_v1/090424/090424_structjet_swept_mass_single_overlay_per_sr_vs_radius.pdf
Wrote: /Users/jkeohane/Library/CloudStorage/GoogleDrive-jwkeohane@gmail.com/.shortcut-targets-by-id/1d7HnZ0yxuhMv2vPzbGBL9NNSDX9BjeDp/VegasGRBruns/Fits/jet_structured_powerlaw/csm_powerlaw/spectrum_dylan_smoothed/thawed_core_angle/20260423__powerlawjet_thetacfree_seeded_2000x2000_v1/090424/090424_structjet_swept_mass_single_overlay_two_panel.pdf
Wrote: /Users/jkeohane/Library/CloudStorage/GoogleDrive-jwkeohane@gmail.com/.shortcut-targets-by-id/1d7HnZ0yxuhMv2vPzbGBL9NNSDX9BjeDp/VegasGRBruns/Fits/jet_structured_powerlaw/csm_powerlaw/spectrum_dylan_smoothed/thawed_core_angle/20260423__powerlawjet_thetacfree_seeded_2000x2000_v1/090424/090424_structjet_swept_mass_crossings.csv
RETURN 0 elapsed=13.7s

[29/56] START /Users/jkeohane/GRBs/Share_Folder/Fits/jet_structured_powerlaw/csm_powerlaw/spectrum_dylan_smoothed/thawed_core_angle/20260423__powerlawjet_thetacfree_seeded_2000x2000_v1/090618
Wrote: /Users/jkeohane/Library/CloudStorage/GoogleDrive-jwkeohane@gmail.com/.shortcut-targets-by-id/1d7HnZ0yxuhMv2vPzbGBL9NNSDX9BjeDp/VegasGRBruns/Fits/jet_structured_powerlaw/csm_powerlaw/spectrum_dylan_smoothed/thawed_core_angle/20260423__powerlawjet_thetacfree_seeded_2000x2000_v1/090618/090618_structjet_swept_mass_diagnostics_vs_time.pdf
Wrote: /Users/jkeohane/Library/CloudStorage/GoogleDrive-jwkeohane@gmail.com/.shortcut-targets-by-id/1d7HnZ0yxuhMv2vPzbGBL9NNSDX9BjeDp/VegasGRBruns/Fits/jet_structured_powerlaw/csm_powerlaw/spectrum_dylan_smoothed/thawed_core_angle/20260423__powerlawjet_thetacfree_seeded_2000x2000_v1/090618/090618_structjet_swept_mass_diagnostics_vs_radius.pdf
Wrote: /Users/jkeohane/Library/CloudStorage/GoogleDrive-jwkeohane@gmail.com/.shortcut-targets-by-id/1d7HnZ0yxuhMv2vPzbGBL9NNSDX9BjeDp/VegasGRBruns/Fits/jet_structured_powerlaw/csm_powerlaw/spectrum_dylan_smoothed/thawed_core_angle/20260423__powerlawjet_thetacfree_seeded_2000x2000_v1/090618/090618_structjet_swept_mass_local_vs_coreavg_per_sr_vs_time.pdf
Wrote: /Users/jkeohane/Library/CloudStorage/GoogleDrive-jwkeohane@gmail.com/.shortcut-targets-by-id/1d7HnZ0yxuhMv2vPzbGBL9NNSDX9BjeDp/VegasGRBruns/Fits/jet_structured_powerlaw/csm_powerlaw/spectrum_dylan_smoothed/thawed_core_angle/20260423__powerlawjet_thetacfree_seeded_2000x2000_v1/090618/090618_structjet_swept_mass_local_vs_coreavg_per_sr_vs_radius.pdf
Wrote: /Users/jkeohane/Library/CloudStorage/GoogleDrive-jwkeohane@gmail.com/.shortcut-targets-by-id/1d7HnZ0yxuhMv2vPzbGBL9NNSDX9BjeDp/VegasGRBruns/Fits/jet_structured_powerlaw/csm_powerlaw/spectrum_dylan_smoothed/thawed_core_angle/20260423__powerlawjet_thetacfree_seeded_2000x2000_v1/090618/090618_structjet_swept_mass_single_overlay_per_sr_vs_time.pdf
Wrote: /Users/jkeohane/Library/CloudStorage/GoogleDrive-jwkeohane@gmail.com/.shortcut-targets-by-id/1d7HnZ0yxuhMv2vPzbGBL9NNSDX9BjeDp/VegasGRBruns/Fits/jet_structured_powerlaw/csm_powerlaw/spectrum_dylan_smoothed/thawed_core_angle/20260423__powerlawjet_thetacfree_seeded_2000x2000_v1/090618/090618_structjet_swept_mass_single_overlay_per_sr_vs_radius.pdf
Wrote: /Users/jkeohane/Library/CloudStorage/GoogleDrive-jwkeohane@gmail.com/.shortcut-targets-by-id/1d7HnZ0yxuhMv2vPzbGBL9NNSDX9BjeDp/VegasGRBruns/Fits/jet_structured_powerlaw/csm_powerlaw/spectrum_dylan_smoothed/thawed_core_angle/20260423__powerlawjet_thetacfree_seeded_2000x2000_v1/090618/090618_structjet_swept_mass_single_overlay_two_panel.pdf
Wrote: /Users/jkeohane/Library/CloudStorage/GoogleDrive-jwkeohane@gmail.com/.shortcut-targets-by-id/1d7HnZ0yxuhMv2vPzbGBL9NNSDX9BjeDp/VegasGRBruns/Fits/jet_structured_powerlaw/csm_powerlaw/spectrum_dylan_smoothed/thawed_core_angle/20260423__powerlawjet_thetacfree_seeded_2000x2000_v1/090618/090618_structjet_swept_mass_crossings.csv
RETURN 0 elapsed=16.2s

[30/56] START /Users/jkeohane/GRBs/Share_Folder/Fits/jet_structured_powerlaw/csm_powerlaw/spectrum_dylan_smoothed/thawed_core_angle/20260423__powerlawjet_thetacfree_seeded_2000x2000_v1/111228A
Wrote: /Users/jkeohane/Library/CloudStorage/GoogleDrive-jwkeohane@gmail.com/.shortcut-targets-by-id/1d7HnZ0yxuhMv2vPzbGBL9NNSDX9BjeDp/VegasGRBruns/Fits/jet_structured_powerlaw/csm_powerlaw/spectrum_dylan_smoothed/thawed_core_angle/20260423__powerlawjet_thetacfree_seeded_2000x2000_v1/111228A/111228A_structjet_swept_mass_diagnostics_vs_time.pdf
Wrote: /Users/jkeohane/Library/CloudStorage/GoogleDrive-jwkeohane@gmail.com/.shortcut-targets-by-id/1d7HnZ0yxuhMv2vPzbGBL9NNSDX9BjeDp/VegasGRBruns/Fits/jet_structured_powerlaw/csm_powerlaw/spectrum_dylan_smoothed/thawed_core_angle/20260423__powerlawjet_thetacfree_seeded_2000x2000_v1/111228A/111228A_structjet_swept_mass_diagnostics_vs_radius.pdf
Wrote: /Users/jkeohane/Library/CloudStorage/GoogleDrive-jwkeohane@gmail.com/.shortcut-targets-by-id/1d7HnZ0yxuhMv2vPzbGBL9NNSDX9BjeDp/VegasGRBruns/Fits/jet_structured_powerlaw/csm_powerlaw/spectrum_dylan_smoothed/thawed_core_angle/20260423__powerlawjet_thetacfree_seeded_2000x2000_v1/111228A/111228A_structjet_swept_mass_local_vs_coreavg_per_sr_vs_time.pdf
Wrote: /Users/jkeohane/Library/CloudStorage/GoogleDrive-jwkeohane@gmail.com/.shortcut-targets-by-id/1d7HnZ0yxuhMv2vPzbGBL9NNSDX9BjeDp/VegasGRBruns/Fits/jet_structured_powerlaw/csm_powerlaw/spectrum_dylan_smoothed/thawed_core_angle/20260423__powerlawjet_thetacfree_seeded_2000x2000_v1/111228A/111228A_structjet_swept_mass_local_vs_coreavg_per_sr_vs_radius.pdf
Wrote: /Users/jkeohane/Library/CloudStorage/GoogleDrive-jwkeohane@gmail.com/.shortcut-targets-by-id/1d7HnZ0yxuhMv2vPzbGBL9NNSDX9BjeDp/VegasGRBruns/Fits/jet_structured_powerlaw/csm_powerlaw/spectrum_dylan_smoothed/thawed_core_angle/20260423__powerlawjet_thetacfree_seeded_2000x2000_v1/111228A/111228A_structjet_swept_mass_single_overlay_per_sr_vs_time.pdf
Wrote: /Users/jkeohane/Library/CloudStorage/GoogleDrive-jwkeohane@gmail.com/.shortcut-targets-by-id/1d7HnZ0yxuhMv2vPzbGBL9NNSDX9BjeDp/VegasGRBruns/Fits/jet_structured_powerlaw/csm_powerlaw/spectrum_dylan_smoothed/thawed_core_angle/20260423__powerlawjet_thetacfree_seeded_2000x2000_v1/111228A/111228A_structjet_swept_mass_single_overlay_per_sr_vs_radius.pdf
Wrote: /Users/jkeohane/Library/CloudStorage/GoogleDrive-jwkeohane@gmail.com/.shortcut-targets-by-id/1d7HnZ0yxuhMv2vPzbGBL9NNSDX9BjeDp/VegasGRBruns/Fits/jet_structured_powerlaw/csm_powerlaw/spectrum_dylan_smoothed/thawed_core_angle/20260423__powerlawjet_thetacfree_seeded_2000x2000_v1/111228A/111228A_structjet_swept_mass_single_overlay_two_panel.pdf
Wrote: /Users/jkeohane/Library/CloudStorage/GoogleDrive-jwkeohane@gmail.com/.shortcut-targets-by-id/1d7HnZ0yxuhMv2vPzbGBL9NNSDX9BjeDp/VegasGRBruns/Fits/jet_structured_powerlaw/csm_powerlaw/spectrum_dylan_smoothed/thawed_core_angle/20260423__powerlawjet_thetacfree_seeded_2000x2000_v1/111228A/111228A_structjet_swept_mass_crossings.csv
RETURN 0 elapsed=11.8s

[31/56] START /Users/jkeohane/GRBs/Share_Folder/Fits/jet_structured_powerlaw/csm_powerlaw/spectrum_dylan_smoothed/thawed_core_angle/20260423__powerlawjet_thetacfree_seeded_2000x2000_v1/130612A
Wrote: /Users/jkeohane/Library/CloudStorage/GoogleDrive-jwkeohane@gmail.com/.shortcut-targets-by-id/1d7HnZ0yxuhMv2vPzbGBL9NNSDX9BjeDp/VegasGRBruns/Fits/jet_structured_powerlaw/csm_powerlaw/spectrum_dylan_smoothed/thawed_core_angle/20260423__powerlawjet_thetacfree_seeded_2000x2000_v1/130612A/130612A_structjet_swept_mass_diagnostics_vs_time.pdf
Wrote: /Users/jkeohane/Library/CloudStorage/GoogleDrive-jwkeohane@gmail.com/.shortcut-targets-by-id/1d7HnZ0yxuhMv2vPzbGBL9NNSDX9BjeDp/VegasGRBruns/Fits/jet_structured_powerlaw/csm_powerlaw/spectrum_dylan_smoothed/thawed_core_angle/20260423__powerlawjet_thetacfree_seeded_2000x2000_v1/130612A/130612A_structjet_swept_mass_diagnostics_vs_radius.pdf
Wrote: /Users/jkeohane/Library/CloudStorage/GoogleDrive-jwkeohane@gmail.com/.shortcut-targets-by-id/1d7HnZ0yxuhMv2vPzbGBL9NNSDX9BjeDp/VegasGRBruns/Fits/jet_structured_powerlaw/csm_powerlaw/spectrum_dylan_smoothed/thawed_core_angle/20260423__powerlawjet_thetacfree_seeded_2000x2000_v1/130612A/130612A_structjet_swept_mass_local_vs_coreavg_per_sr_vs_time.pdf
Wrote: /Users/jkeohane/Library/CloudStorage/GoogleDrive-jwkeohane@gmail.com/.shortcut-targets-by-id/1d7HnZ0yxuhMv2vPzbGBL9NNSDX9BjeDp/VegasGRBruns/Fits/jet_structured_powerlaw/csm_powerlaw/spectrum_dylan_smoothed/thawed_core_angle/20260423__powerlawjet_thetacfree_seeded_2000x2000_v1/130612A/130612A_structjet_swept_mass_local_vs_coreavg_per_sr_vs_radius.pdf
Wrote: /Users/jkeohane/Library/CloudStorage/GoogleDrive-jwkeohane@gmail.com/.shortcut-targets-by-id/1d7HnZ0yxuhMv2vPzbGBL9NNSDX9BjeDp/VegasGRBruns/Fits/jet_structured_powerlaw/csm_powerlaw/spectrum_dylan_smoothed/thawed_core_angle/20260423__powerlawjet_thetacfree_seeded_2000x2000_v1/130612A/130612A_structjet_swept_mass_single_overlay_per_sr_vs_time.pdf
Wrote: /Users/jkeohane/Library/CloudStorage/GoogleDrive-jwkeohane@gmail.com/.shortcut-targets-by-id/1d7HnZ0yxuhMv2vPzbGBL9NNSDX9BjeDp/VegasGRBruns/Fits/jet_structured_powerlaw/csm_powerlaw/spectrum_dylan_smoothed/thawed_core_angle/20260423__powerlawjet_thetacfree_seeded_2000x2000_v1/130612A/130612A_structjet_swept_mass_single_overlay_per_sr_vs_radius.pdf
Wrote: /Users/jkeohane/Library/CloudStorage/GoogleDrive-jwkeohane@gmail.com/.shortcut-targets-by-id/1d7HnZ0yxuhMv2vPzbGBL9NNSDX9BjeDp/VegasGRBruns/Fits/jet_structured_powerlaw/csm_powerlaw/spectrum_dylan_smoothed/thawed_core_angle/20260423__powerlawjet_thetacfree_seeded_2000x2000_v1/130612A/130612A_structjet_swept_mass_single_overlay_two_panel.pdf
Wrote: /Users/jkeohane/Library/CloudStorage/GoogleDrive-jwkeohane@gmail.com/.shortcut-targets-by-id/1d7HnZ0yxuhMv2vPzbGBL9NNSDX9BjeDp/VegasGRBruns/Fits/jet_structured_powerlaw/csm_powerlaw/spectrum_dylan_smoothed/thawed_core_angle/20260423__powerlawjet_thetacfree_seeded_2000x2000_v1/130612A/130612A_structjet_swept_mass_crossings.csv
RETURN 0 elapsed=12.0s

[32/56] START /Users/jkeohane/GRBs/Share_Folder/Fits/jet_structured_powerlaw/csm_powerlaw/spectrum_dylan_smoothed/thawed_core_angle/20260423__powerlawjet_thetacfree_seeded_2000x2000_v1/131030A
Wrote: /Users/jkeohane/Library/CloudStorage/GoogleDrive-jwkeohane@gmail.com/.shortcut-targets-by-id/1d7HnZ0yxuhMv2vPzbGBL9NNSDX9BjeDp/VegasGRBruns/Fits/jet_structured_powerlaw/csm_powerlaw/spectrum_dylan_smoothed/thawed_core_angle/20260423__powerlawjet_thetacfree_seeded_2000x2000_v1/131030A/131030A_structjet_swept_mass_diagnostics_vs_time.pdf
Wrote: /Users/jkeohane/Library/CloudStorage/GoogleDrive-jwkeohane@gmail.com/.shortcut-targets-by-id/1d7HnZ0yxuhMv2vPzbGBL9NNSDX9BjeDp/VegasGRBruns/Fits/jet_structured_powerlaw/csm_powerlaw/spectrum_dylan_smoothed/thawed_core_angle/20260423__powerlawjet_thetacfree_seeded_2000x2000_v1/131030A/131030A_structjet_swept_mass_diagnostics_vs_radius.pdf
Wrote: /Users/jkeohane/Library/CloudStorage/GoogleDrive-jwkeohane@gmail.com/.shortcut-targets-by-id/1d7HnZ0yxuhMv2vPzbGBL9NNSDX9BjeDp/VegasGRBruns/Fits/jet_structured_powerlaw/csm_powerlaw/spectrum_dylan_smoothed/thawed_core_angle/20260423__powerlawjet_thetacfree_seeded_2000x2000_v1/131030A/131030A_structjet_swept_mass_local_vs_coreavg_per_sr_vs_time.pdf
Wrote: /Users/jkeohane/Library/CloudStorage/GoogleDrive-jwkeohane@gmail.com/.shortcut-targets-by-id/1d7HnZ0yxuhMv2vPzbGBL9NNSDX9BjeDp/VegasGRBruns/Fits/jet_structured_powerlaw/csm_powerlaw/spectrum_dylan_smoothed/thawed_core_angle/20260423__powerlawjet_thetacfree_seeded_2000x2000_v1/131030A/131030A_structjet_swept_mass_local_vs_coreavg_per_sr_vs_radius.pdf
Wrote: /Users/jkeohane/Library/CloudStorage/GoogleDrive-jwkeohane@gmail.com/.shortcut-targets-by-id/1d7HnZ0yxuhMv2vPzbGBL9NNSDX9BjeDp/VegasGRBruns/Fits/jet_structured_powerlaw/csm_powerlaw/spectrum_dylan_smoothed/thawed_core_angle/20260423__powerlawjet_thetacfree_seeded_2000x2000_v1/131030A/131030A_structjet_swept_mass_single_overlay_per_sr_vs_time.pdf
Wrote: /Users/jkeohane/Library/CloudStorage/GoogleDrive-jwkeohane@gmail.com/.shortcut-targets-by-id/1d7HnZ0yxuhMv2vPzbGBL9NNSDX9BjeDp/VegasGRBruns/Fits/jet_structured_powerlaw/csm_powerlaw/spectrum_dylan_smoothed/thawed_core_angle/20260423__powerlawjet_thetacfree_seeded_2000x2000_v1/131030A/131030A_structjet_swept_mass_single_overlay_per_sr_vs_radius.pdf
Wrote: /Users/jkeohane/Library/CloudStorage/GoogleDrive-jwkeohane@gmail.com/.shortcut-targets-by-id/1d7HnZ0yxuhMv2vPzbGBL9NNSDX9BjeDp/VegasGRBruns/Fits/jet_structured_powerlaw/csm_powerlaw/spectrum_dylan_smoothed/thawed_core_angle/20260423__powerlawjet_thetacfree_seeded_2000x2000_v1/131030A/131030A_structjet_swept_mass_single_overlay_two_panel.pdf
Wrote: /Users/jkeohane/Library/CloudStorage/GoogleDrive-jwkeohane@gmail.com/.shortcut-targets-by-id/1d7HnZ0yxuhMv2vPzbGBL9NNSDX9BjeDp/VegasGRBruns/Fits/jet_structured_powerlaw/csm_powerlaw/spectrum_dylan_smoothed/thawed_core_angle/20260423__powerlawjet_thetacfree_seeded_2000x2000_v1/131030A/131030A_structjet_swept_mass_crossings.csv
RETURN 0 elapsed=11.8s

[33/56] START /Users/jkeohane/GRBs/Share_Folder/Fits/jet_structured_powerlaw/csm_powerlaw/spectrum_dylan_smoothed/thawed_core_angle/20260423__powerlawjet_thetacfree_seeded_2000x2000_v1/140506A
Wrote: /Users/jkeohane/Library/CloudStorage/GoogleDrive-jwkeohane@gmail.com/.shortcut-targets-by-id/1d7HnZ0yxuhMv2vPzbGBL9NNSDX9BjeDp/VegasGRBruns/Fits/jet_structured_powerlaw/csm_powerlaw/spectrum_dylan_smoothed/thawed_core_angle/20260423__powerlawjet_thetacfree_seeded_2000x2000_v1/140506A/140506A_structjet_swept_mass_diagnostics_vs_time.pdf
Wrote: /Users/jkeohane/Library/CloudStorage/GoogleDrive-jwkeohane@gmail.com/.shortcut-targets-by-id/1d7HnZ0yxuhMv2vPzbGBL9NNSDX9BjeDp/VegasGRBruns/Fits/jet_structured_powerlaw/csm_powerlaw/spectrum_dylan_smoothed/thawed_core_angle/20260423__powerlawjet_thetacfree_seeded_2000x2000_v1/140506A/140506A_structjet_swept_mass_diagnostics_vs_radius.pdf
Wrote: /Users/jkeohane/Library/CloudStorage/GoogleDrive-jwkeohane@gmail.com/.shortcut-targets-by-id/1d7HnZ0yxuhMv2vPzbGBL9NNSDX9BjeDp/VegasGRBruns/Fits/jet_structured_powerlaw/csm_powerlaw/spectrum_dylan_smoothed/thawed_core_angle/20260423__powerlawjet_thetacfree_seeded_2000x2000_v1/140506A/140506A_structjet_swept_mass_local_vs_coreavg_per_sr_vs_time.pdf
Wrote: /Users/jkeohane/Library/CloudStorage/GoogleDrive-jwkeohane@gmail.com/.shortcut-targets-by-id/1d7HnZ0yxuhMv2vPzbGBL9NNSDX9BjeDp/VegasGRBruns/Fits/jet_structured_powerlaw/csm_powerlaw/spectrum_dylan_smoothed/thawed_core_angle/20260423__powerlawjet_thetacfree_seeded_2000x2000_v1/140506A/140506A_structjet_swept_mass_local_vs_coreavg_per_sr_vs_radius.pdf
Wrote: /Users/jkeohane/Library/CloudStorage/GoogleDrive-jwkeohane@gmail.com/.shortcut-targets-by-id/1d7HnZ0yxuhMv2vPzbGBL9NNSDX9BjeDp/VegasGRBruns/Fits/jet_structured_powerlaw/csm_powerlaw/spectrum_dylan_smoothed/thawed_core_angle/20260423__powerlawjet_thetacfree_seeded_2000x2000_v1/140506A/140506A_structjet_swept_mass_single_overlay_per_sr_vs_time.pdf
Wrote: /Users/jkeohane/Library/CloudStorage/GoogleDrive-jwkeohane@gmail.com/.shortcut-targets-by-id/1d7HnZ0yxuhMv2vPzbGBL9NNSDX9BjeDp/VegasGRBruns/Fits/jet_structured_powerlaw/csm_powerlaw/spectrum_dylan_smoothed/thawed_core_angle/20260423__powerlawjet_thetacfree_seeded_2000x2000_v1/140506A/140506A_structjet_swept_mass_single_overlay_per_sr_vs_radius.pdf
Wrote: /Users/jkeohane/Library/CloudStorage/GoogleDrive-jwkeohane@gmail.com/.shortcut-targets-by-id/1d7HnZ0yxuhMv2vPzbGBL9NNSDX9BjeDp/VegasGRBruns/Fits/jet_structured_powerlaw/csm_powerlaw/spectrum_dylan_smoothed/thawed_core_angle/20260423__powerlawjet_thetacfree_seeded_2000x2000_v1/140506A/140506A_structjet_swept_mass_single_overlay_two_panel.pdf
Wrote: /Users/jkeohane/Library/CloudStorage/GoogleDrive-jwkeohane@gmail.com/.shortcut-targets-by-id/1d7HnZ0yxuhMv2vPzbGBL9NNSDX9BjeDp/VegasGRBruns/Fits/jet_structured_powerlaw/csm_powerlaw/spectrum_dylan_smoothed/thawed_core_angle/20260423__powerlawjet_thetacfree_seeded_2000x2000_v1/140506A/140506A_structjet_swept_mass_crossings.csv
RETURN 0 elapsed=11.5s

[34/56] START /Users/jkeohane/GRBs/Share_Folder/Fits/jet_structured_powerlaw/csm_powerlaw/spectrum_dylan_smoothed/thawed_core_angle/20260423__powerlawjet_thetacfree_seeded_2000x2000_v1/160131A
Wrote: /Users/jkeohane/Library/CloudStorage/GoogleDrive-jwkeohane@gmail.com/.shortcut-targets-by-id/1d7HnZ0yxuhMv2vPzbGBL9NNSDX9BjeDp/VegasGRBruns/Fits/jet_structured_powerlaw/csm_powerlaw/spectrum_dylan_smoothed/thawed_core_angle/20260423__powerlawjet_thetacfree_seeded_2000x2000_v1/160131A/160131A_structjet_swept_mass_diagnostics_vs_time.pdf
Wrote: /Users/jkeohane/Library/CloudStorage/GoogleDrive-jwkeohane@gmail.com/.shortcut-targets-by-id/1d7HnZ0yxuhMv2vPzbGBL9NNSDX9BjeDp/VegasGRBruns/Fits/jet_structured_powerlaw/csm_powerlaw/spectrum_dylan_smoothed/thawed_core_angle/20260423__powerlawjet_thetacfree_seeded_2000x2000_v1/160131A/160131A_structjet_swept_mass_diagnostics_vs_radius.pdf
Wrote: /Users/jkeohane/Library/CloudStorage/GoogleDrive-jwkeohane@gmail.com/.shortcut-targets-by-id/1d7HnZ0yxuhMv2vPzbGBL9NNSDX9BjeDp/VegasGRBruns/Fits/jet_structured_powerlaw/csm_powerlaw/spectrum_dylan_smoothed/thawed_core_angle/20260423__powerlawjet_thetacfree_seeded_2000x2000_v1/160131A/160131A_structjet_swept_mass_local_vs_coreavg_per_sr_vs_time.pdf
Wrote: /Users/jkeohane/Library/CloudStorage/GoogleDrive-jwkeohane@gmail.com/.shortcut-targets-by-id/1d7HnZ0yxuhMv2vPzbGBL9NNSDX9BjeDp/VegasGRBruns/Fits/jet_structured_powerlaw/csm_powerlaw/spectrum_dylan_smoothed/thawed_core_angle/20260423__powerlawjet_thetacfree_seeded_2000x2000_v1/160131A/160131A_structjet_swept_mass_local_vs_coreavg_per_sr_vs_radius.pdf
Wrote: /Users/jkeohane/Library/CloudStorage/GoogleDrive-jwkeohane@gmail.com/.shortcut-targets-by-id/1d7HnZ0yxuhMv2vPzbGBL9NNSDX9BjeDp/VegasGRBruns/Fits/jet_structured_powerlaw/csm_powerlaw/spectrum_dylan_smoothed/thawed_core_angle/20260423__powerlawjet_thetacfree_seeded_2000x2000_v1/160131A/160131A_structjet_swept_mass_single_overlay_per_sr_vs_time.pdf
Wrote: /Users/jkeohane/Library/CloudStorage/GoogleDrive-jwkeohane@gmail.com/.shortcut-targets-by-id/1d7HnZ0yxuhMv2vPzbGBL9NNSDX9BjeDp/VegasGRBruns/Fits/jet_structured_powerlaw/csm_powerlaw/spectrum_dylan_smoothed/thawed_core_angle/20260423__powerlawjet_thetacfree_seeded_2000x2000_v1/160131A/160131A_structjet_swept_mass_single_overlay_per_sr_vs_radius.pdf
Wrote: /Users/jkeohane/Library/CloudStorage/GoogleDrive-jwkeohane@gmail.com/.shortcut-targets-by-id/1d7HnZ0yxuhMv2vPzbGBL9NNSDX9BjeDp/VegasGRBruns/Fits/jet_structured_powerlaw/csm_powerlaw/spectrum_dylan_smoothed/thawed_core_angle/20260423__powerlawjet_thetacfree_seeded_2000x2000_v1/160131A/160131A_structjet_swept_mass_single_overlay_two_panel.pdf
Wrote: /Users/jkeohane/Library/CloudStorage/GoogleDrive-jwkeohane@gmail.com/.shortcut-targets-by-id/1d7HnZ0yxuhMv2vPzbGBL9NNSDX9BjeDp/VegasGRBruns/Fits/jet_structured_powerlaw/csm_powerlaw/spectrum_dylan_smoothed/thawed_core_angle/20260423__powerlawjet_thetacfree_seeded_2000x2000_v1/160131A/160131A_structjet_swept_mass_crossings.csv
RETURN 0 elapsed=33.3s

[35/56] START /Users/jkeohane/GRBs/Share_Folder/Fits/jet_structured_powerlaw/csm_powerlaw/spectrum_dylan_smoothed/thawed_core_angle/20260423__powerlawjet_thetacfree_seeded_2000x2000_v1/171010A
Wrote: /Users/jkeohane/Library/CloudStorage/GoogleDrive-jwkeohane@gmail.com/.shortcut-targets-by-id/1d7HnZ0yxuhMv2vPzbGBL9NNSDX9BjeDp/VegasGRBruns/Fits/jet_structured_powerlaw/csm_powerlaw/spectrum_dylan_smoothed/thawed_core_angle/20260423__powerlawjet_thetacfree_seeded_2000x2000_v1/171010A/171010A_structjet_swept_mass_diagnostics_vs_time.pdf
Wrote: /Users/jkeohane/Library/CloudStorage/GoogleDrive-jwkeohane@gmail.com/.shortcut-targets-by-id/1d7HnZ0yxuhMv2vPzbGBL9NNSDX9BjeDp/VegasGRBruns/Fits/jet_structured_powerlaw/csm_powerlaw/spectrum_dylan_smoothed/thawed_core_angle/20260423__powerlawjet_thetacfree_seeded_2000x2000_v1/171010A/171010A_structjet_swept_mass_diagnostics_vs_radius.pdf
Wrote: /Users/jkeohane/Library/CloudStorage/GoogleDrive-jwkeohane@gmail.com/.shortcut-targets-by-id/1d7HnZ0yxuhMv2vPzbGBL9NNSDX9BjeDp/VegasGRBruns/Fits/jet_structured_powerlaw/csm_powerlaw/spectrum_dylan_smoothed/thawed_core_angle/20260423__powerlawjet_thetacfree_seeded_2000x2000_v1/171010A/171010A_structjet_swept_mass_local_vs_coreavg_per_sr_vs_time.pdf
Wrote: /Users/jkeohane/Library/CloudStorage/GoogleDrive-jwkeohane@gmail.com/.shortcut-targets-by-id/1d7HnZ0yxuhMv2vPzbGBL9NNSDX9BjeDp/VegasGRBruns/Fits/jet_structured_powerlaw/csm_powerlaw/spectrum_dylan_smoothed/thawed_core_angle/20260423__powerlawjet_thetacfree_seeded_2000x2000_v1/171010A/171010A_structjet_swept_mass_local_vs_coreavg_per_sr_vs_radius.pdf
Wrote: /Users/jkeohane/Library/CloudStorage/GoogleDrive-jwkeohane@gmail.com/.shortcut-targets-by-id/1d7HnZ0yxuhMv2vPzbGBL9NNSDX9BjeDp/VegasGRBruns/Fits/jet_structured_powerlaw/csm_powerlaw/spectrum_dylan_smoothed/thawed_core_angle/20260423__powerlawjet_thetacfree_seeded_2000x2000_v1/171010A/171010A_structjet_swept_mass_single_overlay_per_sr_vs_time.pdf
Wrote: /Users/jkeohane/Library/CloudStorage/GoogleDrive-jwkeohane@gmail.com/.shortcut-targets-by-id/1d7HnZ0yxuhMv2vPzbGBL9NNSDX9BjeDp/VegasGRBruns/Fits/jet_structured_powerlaw/csm_powerlaw/spectrum_dylan_smoothed/thawed_core_angle/20260423__powerlawjet_thetacfree_seeded_2000x2000_v1/171010A/171010A_structjet_swept_mass_single_overlay_per_sr_vs_radius.pdf
Wrote: /Users/jkeohane/Library/CloudStorage/GoogleDrive-jwkeohane@gmail.com/.shortcut-targets-by-id/1d7HnZ0yxuhMv2vPzbGBL9NNSDX9BjeDp/VegasGRBruns/Fits/jet_structured_powerlaw/csm_powerlaw/spectrum_dylan_smoothed/thawed_core_angle/20260423__powerlawjet_thetacfree_seeded_2000x2000_v1/171010A/171010A_structjet_swept_mass_single_overlay_two_panel.pdf
Wrote: /Users/jkeohane/Library/CloudStorage/GoogleDrive-jwkeohane@gmail.com/.shortcut-targets-by-id/1d7HnZ0yxuhMv2vPzbGBL9NNSDX9BjeDp/VegasGRBruns/Fits/jet_structured_powerlaw/csm_powerlaw/spectrum_dylan_smoothed/thawed_core_angle/20260423__powerlawjet_thetacfree_seeded_2000x2000_v1/171010A/171010A_structjet_swept_mass_crossings.csv
RETURN 0 elapsed=22.5s

[36/56] START /Users/jkeohane/GRBs/Share_Folder/Fits/jet_structured_powerlaw/csm_powerlaw/spectrum_dylan_smoothed/thawed_core_angle/20260423__powerlawjet_thetacfree_seeded_2000x2000_v1/210905A
Wrote: /Users/jkeohane/Library/CloudStorage/GoogleDrive-jwkeohane@gmail.com/.shortcut-targets-by-id/1d7HnZ0yxuhMv2vPzbGBL9NNSDX9BjeDp/VegasGRBruns/Fits/jet_structured_powerlaw/csm_powerlaw/spectrum_dylan_smoothed/thawed_core_angle/20260423__powerlawjet_thetacfree_seeded_2000x2000_v1/210905A/210905A_structjet_swept_mass_diagnostics_vs_time.pdf
Wrote: /Users/jkeohane/Library/CloudStorage/GoogleDrive-jwkeohane@gmail.com/.shortcut-targets-by-id/1d7HnZ0yxuhMv2vPzbGBL9NNSDX9BjeDp/VegasGRBruns/Fits/jet_structured_powerlaw/csm_powerlaw/spectrum_dylan_smoothed/thawed_core_angle/20260423__powerlawjet_thetacfree_seeded_2000x2000_v1/210905A/210905A_structjet_swept_mass_diagnostics_vs_radius.pdf
Wrote: /Users/jkeohane/Library/CloudStorage/GoogleDrive-jwkeohane@gmail.com/.shortcut-targets-by-id/1d7HnZ0yxuhMv2vPzbGBL9NNSDX9BjeDp/VegasGRBruns/Fits/jet_structured_powerlaw/csm_powerlaw/spectrum_dylan_smoothed/thawed_core_angle/20260423__powerlawjet_thetacfree_seeded_2000x2000_v1/210905A/210905A_structjet_swept_mass_local_vs_coreavg_per_sr_vs_time.pdf
Wrote: /Users/jkeohane/Library/CloudStorage/GoogleDrive-jwkeohane@gmail.com/.shortcut-targets-by-id/1d7HnZ0yxuhMv2vPzbGBL9NNSDX9BjeDp/VegasGRBruns/Fits/jet_structured_powerlaw/csm_powerlaw/spectrum_dylan_smoothed/thawed_core_angle/20260423__powerlawjet_thetacfree_seeded_2000x2000_v1/210905A/210905A_structjet_swept_mass_local_vs_coreavg_per_sr_vs_radius.pdf
Wrote: /Users/jkeohane/Library/CloudStorage/GoogleDrive-jwkeohane@gmail.com/.shortcut-targets-by-id/1d7HnZ0yxuhMv2vPzbGBL9NNSDX9BjeDp/VegasGRBruns/Fits/jet_structured_powerlaw/csm_powerlaw/spectrum_dylan_smoothed/thawed_core_angle/20260423__powerlawjet_thetacfree_seeded_2000x2000_v1/210905A/210905A_structjet_swept_mass_single_overlay_per_sr_vs_time.pdf
Wrote: /Users/jkeohane/Library/CloudStorage/GoogleDrive-jwkeohane@gmail.com/.shortcut-targets-by-id/1d7HnZ0yxuhMv2vPzbGBL9NNSDX9BjeDp/VegasGRBruns/Fits/jet_structured_powerlaw/csm_powerlaw/spectrum_dylan_smoothed/thawed_core_angle/20260423__powerlawjet_thetacfree_seeded_2000x2000_v1/210905A/210905A_structjet_swept_mass_single_overlay_per_sr_vs_radius.pdf
Wrote: /Users/jkeohane/Library/CloudStorage/GoogleDrive-jwkeohane@gmail.com/.shortcut-targets-by-id/1d7HnZ0yxuhMv2vPzbGBL9NNSDX9BjeDp/VegasGRBruns/Fits/jet_structured_powerlaw/csm_powerlaw/spectrum_dylan_smoothed/thawed_core_angle/20260423__powerlawjet_thetacfree_seeded_2000x2000_v1/210905A/210905A_structjet_swept_mass_single_overlay_two_panel.pdf
Wrote: /Users/jkeohane/Library/CloudStorage/GoogleDrive-jwkeohane@gmail.com/.shortcut-targets-by-id/1d7HnZ0yxuhMv2vPzbGBL9NNSDX9BjeDp/VegasGRBruns/Fits/jet_structured_powerlaw/csm_powerlaw/spectrum_dylan_smoothed/thawed_core_angle/20260423__powerlawjet_thetacfree_seeded_2000x2000_v1/210905A/210905A_structjet_swept_mass_crossings.csv
RETURN 0 elapsed=11.2s

[37/56] START /Users/jkeohane/GRBs/Share_Folder/Fits/jet_structured_powerlaw/csm_powerlaw/spectrum_dylan_smoothed/thawed_core_angle/20260423__powerlawjet_thetacfree_seeded_2000x2000_v1/220101A
Wrote: /Users/jkeohane/Library/CloudStorage/GoogleDrive-jwkeohane@gmail.com/.shortcut-targets-by-id/1d7HnZ0yxuhMv2vPzbGBL9NNSDX9BjeDp/VegasGRBruns/Fits/jet_structured_powerlaw/csm_powerlaw/spectrum_dylan_smoothed/thawed_core_angle/20260423__powerlawjet_thetacfree_seeded_2000x2000_v1/220101A/220101A_structjet_swept_mass_diagnostics_vs_time.pdf
Wrote: /Users/jkeohane/Library/CloudStorage/GoogleDrive-jwkeohane@gmail.com/.shortcut-targets-by-id/1d7HnZ0yxuhMv2vPzbGBL9NNSDX9BjeDp/VegasGRBruns/Fits/jet_structured_powerlaw/csm_powerlaw/spectrum_dylan_smoothed/thawed_core_angle/20260423__powerlawjet_thetacfree_seeded_2000x2000_v1/220101A/220101A_structjet_swept_mass_diagnostics_vs_radius.pdf
Wrote: /Users/jkeohane/Library/CloudStorage/GoogleDrive-jwkeohane@gmail.com/.shortcut-targets-by-id/1d7HnZ0yxuhMv2vPzbGBL9NNSDX9BjeDp/VegasGRBruns/Fits/jet_structured_powerlaw/csm_powerlaw/spectrum_dylan_smoothed/thawed_core_angle/20260423__powerlawjet_thetacfree_seeded_2000x2000_v1/220101A/220101A_structjet_swept_mass_local_vs_coreavg_per_sr_vs_time.pdf
Wrote: /Users/jkeohane/Library/CloudStorage/GoogleDrive-jwkeohane@gmail.com/.shortcut-targets-by-id/1d7HnZ0yxuhMv2vPzbGBL9NNSDX9BjeDp/VegasGRBruns/Fits/jet_structured_powerlaw/csm_powerlaw/spectrum_dylan_smoothed/thawed_core_angle/20260423__powerlawjet_thetacfree_seeded_2000x2000_v1/220101A/220101A_structjet_swept_mass_local_vs_coreavg_per_sr_vs_radius.pdf
Wrote: /Users/jkeohane/Library/CloudStorage/GoogleDrive-jwkeohane@gmail.com/.shortcut-targets-by-id/1d7HnZ0yxuhMv2vPzbGBL9NNSDX9BjeDp/VegasGRBruns/Fits/jet_structured_powerlaw/csm_powerlaw/spectrum_dylan_smoothed/thawed_core_angle/20260423__powerlawjet_thetacfree_seeded_2000x2000_v1/220101A/220101A_structjet_swept_mass_single_overlay_per_sr_vs_time.pdf
Wrote: /Users/jkeohane/Library/CloudStorage/GoogleDrive-jwkeohane@gmail.com/.shortcut-targets-by-id/1d7HnZ0yxuhMv2vPzbGBL9NNSDX9BjeDp/VegasGRBruns/Fits/jet_structured_powerlaw/csm_powerlaw/spectrum_dylan_smoothed/thawed_core_angle/20260423__powerlawjet_thetacfree_seeded_2000x2000_v1/220101A/220101A_structjet_swept_mass_single_overlay_per_sr_vs_radius.pdf
Wrote: /Users/jkeohane/Library/CloudStorage/GoogleDrive-jwkeohane@gmail.com/.shortcut-targets-by-id/1d7HnZ0yxuhMv2vPzbGBL9NNSDX9BjeDp/VegasGRBruns/Fits/jet_structured_powerlaw/csm_powerlaw/spectrum_dylan_smoothed/thawed_core_angle/20260423__powerlawjet_thetacfree_seeded_2000x2000_v1/220101A/220101A_structjet_swept_mass_single_overlay_two_panel.pdf
Wrote: /Users/jkeohane/Library/CloudStorage/GoogleDrive-jwkeohane@gmail.com/.shortcut-targets-by-id/1d7HnZ0yxuhMv2vPzbGBL9NNSDX9BjeDp/VegasGRBruns/Fits/jet_structured_powerlaw/csm_powerlaw/spectrum_dylan_smoothed/thawed_core_angle/20260423__powerlawjet_thetacfree_seeded_2000x2000_v1/220101A/220101A_structjet_swept_mass_crossings.csv
RETURN 0 elapsed=11.4s

[38/56] START /Users/jkeohane/GRBs/Share_Folder/Fits/jet_structured_powerlaw/csm_powerlaw/spectrum_dylan_smoothed/thawed_core_angle/20260423__powerlawjet_thetacfree_seeded_2000x2000_v1/221009A
Wrote: /Users/jkeohane/Library/CloudStorage/GoogleDrive-jwkeohane@gmail.com/.shortcut-targets-by-id/1d7HnZ0yxuhMv2vPzbGBL9NNSDX9BjeDp/VegasGRBruns/Fits/jet_structured_powerlaw/csm_powerlaw/spectrum_dylan_smoothed/thawed_core_angle/20260423__powerlawjet_thetacfree_seeded_2000x2000_v1/221009A/221009A_structjet_swept_mass_diagnostics_vs_time.pdf
Wrote: /Users/jkeohane/Library/CloudStorage/GoogleDrive-jwkeohane@gmail.com/.shortcut-targets-by-id/1d7HnZ0yxuhMv2vPzbGBL9NNSDX9BjeDp/VegasGRBruns/Fits/jet_structured_powerlaw/csm_powerlaw/spectrum_dylan_smoothed/thawed_core_angle/20260423__powerlawjet_thetacfree_seeded_2000x2000_v1/221009A/221009A_structjet_swept_mass_diagnostics_vs_radius.pdf
Wrote: /Users/jkeohane/Library/CloudStorage/GoogleDrive-jwkeohane@gmail.com/.shortcut-targets-by-id/1d7HnZ0yxuhMv2vPzbGBL9NNSDX9BjeDp/VegasGRBruns/Fits/jet_structured_powerlaw/csm_powerlaw/spectrum_dylan_smoothed/thawed_core_angle/20260423__powerlawjet_thetacfree_seeded_2000x2000_v1/221009A/221009A_structjet_swept_mass_local_vs_coreavg_per_sr_vs_time.pdf
Wrote: /Users/jkeohane/Library/CloudStorage/GoogleDrive-jwkeohane@gmail.com/.shortcut-targets-by-id/1d7HnZ0yxuhMv2vPzbGBL9NNSDX9BjeDp/VegasGRBruns/Fits/jet_structured_powerlaw/csm_powerlaw/spectrum_dylan_smoothed/thawed_core_angle/20260423__powerlawjet_thetacfree_seeded_2000x2000_v1/221009A/221009A_structjet_swept_mass_local_vs_coreavg_per_sr_vs_radius.pdf
Wrote: /Users/jkeohane/Library/CloudStorage/GoogleDrive-jwkeohane@gmail.com/.shortcut-targets-by-id/1d7HnZ0yxuhMv2vPzbGBL9NNSDX9BjeDp/VegasGRBruns/Fits/jet_structured_powerlaw/csm_powerlaw/spectrum_dylan_smoothed/thawed_core_angle/20260423__powerlawjet_thetacfree_seeded_2000x2000_v1/221009A/221009A_structjet_swept_mass_single_overlay_per_sr_vs_time.pdf
Wrote: /Users/jkeohane/Library/CloudStorage/GoogleDrive-jwkeohane@gmail.com/.shortcut-targets-by-id/1d7HnZ0yxuhMv2vPzbGBL9NNSDX9BjeDp/VegasGRBruns/Fits/jet_structured_powerlaw/csm_powerlaw/spectrum_dylan_smoothed/thawed_core_angle/20260423__powerlawjet_thetacfree_seeded_2000x2000_v1/221009A/221009A_structjet_swept_mass_single_overlay_per_sr_vs_radius.pdf
Wrote: /Users/jkeohane/Library/CloudStorage/GoogleDrive-jwkeohane@gmail.com/.shortcut-targets-by-id/1d7HnZ0yxuhMv2vPzbGBL9NNSDX9BjeDp/VegasGRBruns/Fits/jet_structured_powerlaw/csm_powerlaw/spectrum_dylan_smoothed/thawed_core_angle/20260423__powerlawjet_thetacfree_seeded_2000x2000_v1/221009A/221009A_structjet_swept_mass_single_overlay_two_panel.pdf
Wrote: /Users/jkeohane/Library/CloudStorage/GoogleDrive-jwkeohane@gmail.com/.shortcut-targets-by-id/1d7HnZ0yxuhMv2vPzbGBL9NNSDX9BjeDp/VegasGRBruns/Fits/jet_structured_powerlaw/csm_powerlaw/spectrum_dylan_smoothed/thawed_core_angle/20260423__powerlawjet_thetacfree_seeded_2000x2000_v1/221009A/221009A_structjet_swept_mass_crossings.csv
RETURN 0 elapsed=13.3s

[39/56] START /Users/jkeohane/GRBs/Share_Folder/Fits/jet_structured_powerlaw/csm_powerlaw/spectrum_dylan_smoothed/thawed_viewing_angle/20260428__powerlawjet_openview_ourpriors_seeded_v1/050525A
Wrote: /Users/jkeohane/Library/CloudStorage/GoogleDrive-jwkeohane@gmail.com/.shortcut-targets-by-id/1d7HnZ0yxuhMv2vPzbGBL9NNSDX9BjeDp/VegasGRBruns/Fits/jet_structured_powerlaw/csm_powerlaw/spectrum_dylan_smoothed/thawed_viewing_angle/20260428__powerlawjet_openview_ourpriors_seeded_v1/050525A/050525A_structjet_swept_mass_diagnostics_vs_time.pdf
Wrote: /Users/jkeohane/Library/CloudStorage/GoogleDrive-jwkeohane@gmail.com/.shortcut-targets-by-id/1d7HnZ0yxuhMv2vPzbGBL9NNSDX9BjeDp/VegasGRBruns/Fits/jet_structured_powerlaw/csm_powerlaw/spectrum_dylan_smoothed/thawed_viewing_angle/20260428__powerlawjet_openview_ourpriors_seeded_v1/050525A/050525A_structjet_swept_mass_diagnostics_vs_radius.pdf
Wrote: /Users/jkeohane/Library/CloudStorage/GoogleDrive-jwkeohane@gmail.com/.shortcut-targets-by-id/1d7HnZ0yxuhMv2vPzbGBL9NNSDX9BjeDp/VegasGRBruns/Fits/jet_structured_powerlaw/csm_powerlaw/spectrum_dylan_smoothed/thawed_viewing_angle/20260428__powerlawjet_openview_ourpriors_seeded_v1/050525A/050525A_structjet_swept_mass_local_vs_coreavg_per_sr_vs_time.pdf
Wrote: /Users/jkeohane/Library/CloudStorage/GoogleDrive-jwkeohane@gmail.com/.shortcut-targets-by-id/1d7HnZ0yxuhMv2vPzbGBL9NNSDX9BjeDp/VegasGRBruns/Fits/jet_structured_powerlaw/csm_powerlaw/spectrum_dylan_smoothed/thawed_viewing_angle/20260428__powerlawjet_openview_ourpriors_seeded_v1/050525A/050525A_structjet_swept_mass_local_vs_coreavg_per_sr_vs_radius.pdf
Wrote: /Users/jkeohane/Library/CloudStorage/GoogleDrive-jwkeohane@gmail.com/.shortcut-targets-by-id/1d7HnZ0yxuhMv2vPzbGBL9NNSDX9BjeDp/VegasGRBruns/Fits/jet_structured_powerlaw/csm_powerlaw/spectrum_dylan_smoothed/thawed_viewing_angle/20260428__powerlawjet_openview_ourpriors_seeded_v1/050525A/050525A_structjet_swept_mass_single_overlay_per_sr_vs_time.pdf
Wrote: /Users/jkeohane/Library/CloudStorage/GoogleDrive-jwkeohane@gmail.com/.shortcut-targets-by-id/1d7HnZ0yxuhMv2vPzbGBL9NNSDX9BjeDp/VegasGRBruns/Fits/jet_structured_powerlaw/csm_powerlaw/spectrum_dylan_smoothed/thawed_viewing_angle/20260428__powerlawjet_openview_ourpriors_seeded_v1/050525A/050525A_structjet_swept_mass_single_overlay_per_sr_vs_radius.pdf
Wrote: /Users/jkeohane/Library/CloudStorage/GoogleDrive-jwkeohane@gmail.com/.shortcut-targets-by-id/1d7HnZ0yxuhMv2vPzbGBL9NNSDX9BjeDp/VegasGRBruns/Fits/jet_structured_powerlaw/csm_powerlaw/spectrum_dylan_smoothed/thawed_viewing_angle/20260428__powerlawjet_openview_ourpriors_seeded_v1/050525A/050525A_structjet_swept_mass_single_overlay_two_panel.pdf
Wrote: /Users/jkeohane/Library/CloudStorage/GoogleDrive-jwkeohane@gmail.com/.shortcut-targets-by-id/1d7HnZ0yxuhMv2vPzbGBL9NNSDX9BjeDp/VegasGRBruns/Fits/jet_structured_powerlaw/csm_powerlaw/spectrum_dylan_smoothed/thawed_viewing_angle/20260428__powerlawjet_openview_ourpriors_seeded_v1/050525A/050525A_structjet_swept_mass_crossings.csv
RETURN 0 elapsed=11.7s

[40/56] START /Users/jkeohane/GRBs/Share_Folder/Fits/jet_structured_powerlaw/csm_powerlaw/spectrum_dylan_smoothed/thawed_viewing_angle/20260501__anshstyle_structjet_thetavthawed_v1/050525A
Wrote: /Users/jkeohane/Library/CloudStorage/GoogleDrive-jwkeohane@gmail.com/.shortcut-targets-by-id/1d7HnZ0yxuhMv2vPzbGBL9NNSDX9BjeDp/VegasGRBruns/Fits/jet_structured_powerlaw/csm_powerlaw/spectrum_dylan_smoothed/thawed_viewing_angle/20260501__anshstyle_structjet_thetavthawed_v1/050525A/050525A_structjet_swept_mass_diagnostics_vs_time.pdf
Wrote: /Users/jkeohane/Library/CloudStorage/GoogleDrive-jwkeohane@gmail.com/.shortcut-targets-by-id/1d7HnZ0yxuhMv2vPzbGBL9NNSDX9BjeDp/VegasGRBruns/Fits/jet_structured_powerlaw/csm_powerlaw/spectrum_dylan_smoothed/thawed_viewing_angle/20260501__anshstyle_structjet_thetavthawed_v1/050525A/050525A_structjet_swept_mass_diagnostics_vs_radius.pdf
Wrote: /Users/jkeohane/Library/CloudStorage/GoogleDrive-jwkeohane@gmail.com/.shortcut-targets-by-id/1d7HnZ0yxuhMv2vPzbGBL9NNSDX9BjeDp/VegasGRBruns/Fits/jet_structured_powerlaw/csm_powerlaw/spectrum_dylan_smoothed/thawed_viewing_angle/20260501__anshstyle_structjet_thetavthawed_v1/050525A/050525A_structjet_swept_mass_local_vs_coreavg_per_sr_vs_time.pdf
Wrote: /Users/jkeohane/Library/CloudStorage/GoogleDrive-jwkeohane@gmail.com/.shortcut-targets-by-id/1d7HnZ0yxuhMv2vPzbGBL9NNSDX9BjeDp/VegasGRBruns/Fits/jet_structured_powerlaw/csm_powerlaw/spectrum_dylan_smoothed/thawed_viewing_angle/20260501__anshstyle_structjet_thetavthawed_v1/050525A/050525A_structjet_swept_mass_local_vs_coreavg_per_sr_vs_radius.pdf
Wrote: /Users/jkeohane/Library/CloudStorage/GoogleDrive-jwkeohane@gmail.com/.shortcut-targets-by-id/1d7HnZ0yxuhMv2vPzbGBL9NNSDX9BjeDp/VegasGRBruns/Fits/jet_structured_powerlaw/csm_powerlaw/spectrum_dylan_smoothed/thawed_viewing_angle/20260501__anshstyle_structjet_thetavthawed_v1/050525A/050525A_structjet_swept_mass_single_overlay_per_sr_vs_time.pdf
Wrote: /Users/jkeohane/Library/CloudStorage/GoogleDrive-jwkeohane@gmail.com/.shortcut-targets-by-id/1d7HnZ0yxuhMv2vPzbGBL9NNSDX9BjeDp/VegasGRBruns/Fits/jet_structured_powerlaw/csm_powerlaw/spectrum_dylan_smoothed/thawed_viewing_angle/20260501__anshstyle_structjet_thetavthawed_v1/050525A/050525A_structjet_swept_mass_single_overlay_per_sr_vs_radius.pdf
Wrote: /Users/jkeohane/Library/CloudStorage/GoogleDrive-jwkeohane@gmail.com/.shortcut-targets-by-id/1d7HnZ0yxuhMv2vPzbGBL9NNSDX9BjeDp/VegasGRBruns/Fits/jet_structured_powerlaw/csm_powerlaw/spectrum_dylan_smoothed/thawed_viewing_angle/20260501__anshstyle_structjet_thetavthawed_v1/050525A/050525A_structjet_swept_mass_single_overlay_two_panel.pdf
Wrote: /Users/jkeohane/Library/CloudStorage/GoogleDrive-jwkeohane@gmail.com/.shortcut-targets-by-id/1d7HnZ0yxuhMv2vPzbGBL9NNSDX9BjeDp/VegasGRBruns/Fits/jet_structured_powerlaw/csm_powerlaw/spectrum_dylan_smoothed/thawed_viewing_angle/20260501__anshstyle_structjet_thetavthawed_v1/050525A/050525A_structjet_swept_mass_crossings.csv
RETURN 0 elapsed=22.1s

[41/56] START /Users/jkeohane/GRBs/Share_Folder/Fits/jet_structured_powerlaw/csm_powerlaw/spectrum_dylan_smoothed/thawed_viewing_angle/20260501__anshstyle_structjet_thetavthawed_v1/050922C
Wrote: /Users/jkeohane/Library/CloudStorage/GoogleDrive-jwkeohane@gmail.com/.shortcut-targets-by-id/1d7HnZ0yxuhMv2vPzbGBL9NNSDX9BjeDp/VegasGRBruns/Fits/jet_structured_powerlaw/csm_powerlaw/spectrum_dylan_smoothed/thawed_viewing_angle/20260501__anshstyle_structjet_thetavthawed_v1/050922C/050922C_structjet_swept_mass_diagnostics_vs_time.pdf
Wrote: /Users/jkeohane/Library/CloudStorage/GoogleDrive-jwkeohane@gmail.com/.shortcut-targets-by-id/1d7HnZ0yxuhMv2vPzbGBL9NNSDX9BjeDp/VegasGRBruns/Fits/jet_structured_powerlaw/csm_powerlaw/spectrum_dylan_smoothed/thawed_viewing_angle/20260501__anshstyle_structjet_thetavthawed_v1/050922C/050922C_structjet_swept_mass_diagnostics_vs_radius.pdf
Wrote: /Users/jkeohane/Library/CloudStorage/GoogleDrive-jwkeohane@gmail.com/.shortcut-targets-by-id/1d7HnZ0yxuhMv2vPzbGBL9NNSDX9BjeDp/VegasGRBruns/Fits/jet_structured_powerlaw/csm_powerlaw/spectrum_dylan_smoothed/thawed_viewing_angle/20260501__anshstyle_structjet_thetavthawed_v1/050922C/050922C_structjet_swept_mass_local_vs_coreavg_per_sr_vs_time.pdf
Wrote: /Users/jkeohane/Library/CloudStorage/GoogleDrive-jwkeohane@gmail.com/.shortcut-targets-by-id/1d7HnZ0yxuhMv2vPzbGBL9NNSDX9BjeDp/VegasGRBruns/Fits/jet_structured_powerlaw/csm_powerlaw/spectrum_dylan_smoothed/thawed_viewing_angle/20260501__anshstyle_structjet_thetavthawed_v1/050922C/050922C_structjet_swept_mass_local_vs_coreavg_per_sr_vs_radius.pdf
Wrote: /Users/jkeohane/Library/CloudStorage/GoogleDrive-jwkeohane@gmail.com/.shortcut-targets-by-id/1d7HnZ0yxuhMv2vPzbGBL9NNSDX9BjeDp/VegasGRBruns/Fits/jet_structured_powerlaw/csm_powerlaw/spectrum_dylan_smoothed/thawed_viewing_angle/20260501__anshstyle_structjet_thetavthawed_v1/050922C/050922C_structjet_swept_mass_single_overlay_per_sr_vs_time.pdf
Wrote: /Users/jkeohane/Library/CloudStorage/GoogleDrive-jwkeohane@gmail.com/.shortcut-targets-by-id/1d7HnZ0yxuhMv2vPzbGBL9NNSDX9BjeDp/VegasGRBruns/Fits/jet_structured_powerlaw/csm_powerlaw/spectrum_dylan_smoothed/thawed_viewing_angle/20260501__anshstyle_structjet_thetavthawed_v1/050922C/050922C_structjet_swept_mass_single_overlay_per_sr_vs_radius.pdf
Wrote: /Users/jkeohane/Library/CloudStorage/GoogleDrive-jwkeohane@gmail.com/.shortcut-targets-by-id/1d7HnZ0yxuhMv2vPzbGBL9NNSDX9BjeDp/VegasGRBruns/Fits/jet_structured_powerlaw/csm_powerlaw/spectrum_dylan_smoothed/thawed_viewing_angle/20260501__anshstyle_structjet_thetavthawed_v1/050922C/050922C_structjet_swept_mass_single_overlay_two_panel.pdf
Wrote: /Users/jkeohane/Library/CloudStorage/GoogleDrive-jwkeohane@gmail.com/.shortcut-targets-by-id/1d7HnZ0yxuhMv2vPzbGBL9NNSDX9BjeDp/VegasGRBruns/Fits/jet_structured_powerlaw/csm_powerlaw/spectrum_dylan_smoothed/thawed_viewing_angle/20260501__anshstyle_structjet_thetavthawed_v1/050922C/050922C_structjet_swept_mass_crossings.csv
RETURN 0 elapsed=16.0s

[42/56] START /Users/jkeohane/GRBs/Share_Folder/Fits/jet_structured_powerlaw/csm_powerlaw/spectrum_dylan_smoothed/thawed_viewing_angle/20260501__anshstyle_structjet_thetavthawed_v1/090424
Wrote: /Users/jkeohane/Library/CloudStorage/GoogleDrive-jwkeohane@gmail.com/.shortcut-targets-by-id/1d7HnZ0yxuhMv2vPzbGBL9NNSDX9BjeDp/VegasGRBruns/Fits/jet_structured_powerlaw/csm_powerlaw/spectrum_dylan_smoothed/thawed_viewing_angle/20260501__anshstyle_structjet_thetavthawed_v1/090424/090424_structjet_swept_mass_diagnostics_vs_time.pdf
Wrote: /Users/jkeohane/Library/CloudStorage/GoogleDrive-jwkeohane@gmail.com/.shortcut-targets-by-id/1d7HnZ0yxuhMv2vPzbGBL9NNSDX9BjeDp/VegasGRBruns/Fits/jet_structured_powerlaw/csm_powerlaw/spectrum_dylan_smoothed/thawed_viewing_angle/20260501__anshstyle_structjet_thetavthawed_v1/090424/090424_structjet_swept_mass_diagnostics_vs_radius.pdf
Wrote: /Users/jkeohane/Library/CloudStorage/GoogleDrive-jwkeohane@gmail.com/.shortcut-targets-by-id/1d7HnZ0yxuhMv2vPzbGBL9NNSDX9BjeDp/VegasGRBruns/Fits/jet_structured_powerlaw/csm_powerlaw/spectrum_dylan_smoothed/thawed_viewing_angle/20260501__anshstyle_structjet_thetavthawed_v1/090424/090424_structjet_swept_mass_local_vs_coreavg_per_sr_vs_time.pdf
Wrote: /Users/jkeohane/Library/CloudStorage/GoogleDrive-jwkeohane@gmail.com/.shortcut-targets-by-id/1d7HnZ0yxuhMv2vPzbGBL9NNSDX9BjeDp/VegasGRBruns/Fits/jet_structured_powerlaw/csm_powerlaw/spectrum_dylan_smoothed/thawed_viewing_angle/20260501__anshstyle_structjet_thetavthawed_v1/090424/090424_structjet_swept_mass_local_vs_coreavg_per_sr_vs_radius.pdf
Wrote: /Users/jkeohane/Library/CloudStorage/GoogleDrive-jwkeohane@gmail.com/.shortcut-targets-by-id/1d7HnZ0yxuhMv2vPzbGBL9NNSDX9BjeDp/VegasGRBruns/Fits/jet_structured_powerlaw/csm_powerlaw/spectrum_dylan_smoothed/thawed_viewing_angle/20260501__anshstyle_structjet_thetavthawed_v1/090424/090424_structjet_swept_mass_single_overlay_per_sr_vs_time.pdf
Wrote: /Users/jkeohane/Library/CloudStorage/GoogleDrive-jwkeohane@gmail.com/.shortcut-targets-by-id/1d7HnZ0yxuhMv2vPzbGBL9NNSDX9BjeDp/VegasGRBruns/Fits/jet_structured_powerlaw/csm_powerlaw/spectrum_dylan_smoothed/thawed_viewing_angle/20260501__anshstyle_structjet_thetavthawed_v1/090424/090424_structjet_swept_mass_single_overlay_per_sr_vs_radius.pdf
Wrote: /Users/jkeohane/Library/CloudStorage/GoogleDrive-jwkeohane@gmail.com/.shortcut-targets-by-id/1d7HnZ0yxuhMv2vPzbGBL9NNSDX9BjeDp/VegasGRBruns/Fits/jet_structured_powerlaw/csm_powerlaw/spectrum_dylan_smoothed/thawed_viewing_angle/20260501__anshstyle_structjet_thetavthawed_v1/090424/090424_structjet_swept_mass_single_overlay_two_panel.pdf
Wrote: /Users/jkeohane/Library/CloudStorage/GoogleDrive-jwkeohane@gmail.com/.shortcut-targets-by-id/1d7HnZ0yxuhMv2vPzbGBL9NNSDX9BjeDp/VegasGRBruns/Fits/jet_structured_powerlaw/csm_powerlaw/spectrum_dylan_smoothed/thawed_viewing_angle/20260501__anshstyle_structjet_thetavthawed_v1/090424/090424_structjet_swept_mass_crossings.csv
RETURN 0 elapsed=11.9s

[43/56] START /Users/jkeohane/GRBs/Share_Folder/Fits/jet_structured_powerlaw/csm_powerlaw/spectrum_dylan_smoothed/thawed_viewing_angle/20260501__anshstyle_structjet_thetavthawed_v1/090618
Wrote: /Users/jkeohane/Library/CloudStorage/GoogleDrive-jwkeohane@gmail.com/.shortcut-targets-by-id/1d7HnZ0yxuhMv2vPzbGBL9NNSDX9BjeDp/VegasGRBruns/Fits/jet_structured_powerlaw/csm_powerlaw/spectrum_dylan_smoothed/thawed_viewing_angle/20260501__anshstyle_structjet_thetavthawed_v1/090618/090618_structjet_swept_mass_diagnostics_vs_time.pdf
Wrote: /Users/jkeohane/Library/CloudStorage/GoogleDrive-jwkeohane@gmail.com/.shortcut-targets-by-id/1d7HnZ0yxuhMv2vPzbGBL9NNSDX9BjeDp/VegasGRBruns/Fits/jet_structured_powerlaw/csm_powerlaw/spectrum_dylan_smoothed/thawed_viewing_angle/20260501__anshstyle_structjet_thetavthawed_v1/090618/090618_structjet_swept_mass_diagnostics_vs_radius.pdf
Wrote: /Users/jkeohane/Library/CloudStorage/GoogleDrive-jwkeohane@gmail.com/.shortcut-targets-by-id/1d7HnZ0yxuhMv2vPzbGBL9NNSDX9BjeDp/VegasGRBruns/Fits/jet_structured_powerlaw/csm_powerlaw/spectrum_dylan_smoothed/thawed_viewing_angle/20260501__anshstyle_structjet_thetavthawed_v1/090618/090618_structjet_swept_mass_local_vs_coreavg_per_sr_vs_time.pdf
Wrote: /Users/jkeohane/Library/CloudStorage/GoogleDrive-jwkeohane@gmail.com/.shortcut-targets-by-id/1d7HnZ0yxuhMv2vPzbGBL9NNSDX9BjeDp/VegasGRBruns/Fits/jet_structured_powerlaw/csm_powerlaw/spectrum_dylan_smoothed/thawed_viewing_angle/20260501__anshstyle_structjet_thetavthawed_v1/090618/090618_structjet_swept_mass_local_vs_coreavg_per_sr_vs_radius.pdf
Wrote: /Users/jkeohane/Library/CloudStorage/GoogleDrive-jwkeohane@gmail.com/.shortcut-targets-by-id/1d7HnZ0yxuhMv2vPzbGBL9NNSDX9BjeDp/VegasGRBruns/Fits/jet_structured_powerlaw/csm_powerlaw/spectrum_dylan_smoothed/thawed_viewing_angle/20260501__anshstyle_structjet_thetavthawed_v1/090618/090618_structjet_swept_mass_single_overlay_per_sr_vs_time.pdf
Wrote: /Users/jkeohane/Library/CloudStorage/GoogleDrive-jwkeohane@gmail.com/.shortcut-targets-by-id/1d7HnZ0yxuhMv2vPzbGBL9NNSDX9BjeDp/VegasGRBruns/Fits/jet_structured_powerlaw/csm_powerlaw/spectrum_dylan_smoothed/thawed_viewing_angle/20260501__anshstyle_structjet_thetavthawed_v1/090618/090618_structjet_swept_mass_single_overlay_per_sr_vs_radius.pdf
Wrote: /Users/jkeohane/Library/CloudStorage/GoogleDrive-jwkeohane@gmail.com/.shortcut-targets-by-id/1d7HnZ0yxuhMv2vPzbGBL9NNSDX9BjeDp/VegasGRBruns/Fits/jet_structured_powerlaw/csm_powerlaw/spectrum_dylan_smoothed/thawed_viewing_angle/20260501__anshstyle_structjet_thetavthawed_v1/090618/090618_structjet_swept_mass_single_overlay_two_panel.pdf
Wrote: /Users/jkeohane/Library/CloudStorage/GoogleDrive-jwkeohane@gmail.com/.shortcut-targets-by-id/1d7HnZ0yxuhMv2vPzbGBL9NNSDX9BjeDp/VegasGRBruns/Fits/jet_structured_powerlaw/csm_powerlaw/spectrum_dylan_smoothed/thawed_viewing_angle/20260501__anshstyle_structjet_thetavthawed_v1/090618/090618_structjet_swept_mass_crossings.csv
RETURN 0 elapsed=13.0s

[44/56] START /Users/jkeohane/GRBs/Share_Folder/Fits/jet_structured_powerlaw/csm_powerlaw/spectrum_dylan_smoothed/thawed_viewing_angle/20260501__anshstyle_structjet_thetavthawed_v1/111228A
Wrote: /Users/jkeohane/Library/CloudStorage/GoogleDrive-jwkeohane@gmail.com/.shortcut-targets-by-id/1d7HnZ0yxuhMv2vPzbGBL9NNSDX9BjeDp/VegasGRBruns/Fits/jet_structured_powerlaw/csm_powerlaw/spectrum_dylan_smoothed/thawed_viewing_angle/20260501__anshstyle_structjet_thetavthawed_v1/111228A/111228A_structjet_swept_mass_diagnostics_vs_time.pdf
Wrote: /Users/jkeohane/Library/CloudStorage/GoogleDrive-jwkeohane@gmail.com/.shortcut-targets-by-id/1d7HnZ0yxuhMv2vPzbGBL9NNSDX9BjeDp/VegasGRBruns/Fits/jet_structured_powerlaw/csm_powerlaw/spectrum_dylan_smoothed/thawed_viewing_angle/20260501__anshstyle_structjet_thetavthawed_v1/111228A/111228A_structjet_swept_mass_diagnostics_vs_radius.pdf
Wrote: /Users/jkeohane/Library/CloudStorage/GoogleDrive-jwkeohane@gmail.com/.shortcut-targets-by-id/1d7HnZ0yxuhMv2vPzbGBL9NNSDX9BjeDp/VegasGRBruns/Fits/jet_structured_powerlaw/csm_powerlaw/spectrum_dylan_smoothed/thawed_viewing_angle/20260501__anshstyle_structjet_thetavthawed_v1/111228A/111228A_structjet_swept_mass_local_vs_coreavg_per_sr_vs_time.pdf
Wrote: /Users/jkeohane/Library/CloudStorage/GoogleDrive-jwkeohane@gmail.com/.shortcut-targets-by-id/1d7HnZ0yxuhMv2vPzbGBL9NNSDX9BjeDp/VegasGRBruns/Fits/jet_structured_powerlaw/csm_powerlaw/spectrum_dylan_smoothed/thawed_viewing_angle/20260501__anshstyle_structjet_thetavthawed_v1/111228A/111228A_structjet_swept_mass_local_vs_coreavg_per_sr_vs_radius.pdf
Wrote: /Users/jkeohane/Library/CloudStorage/GoogleDrive-jwkeohane@gmail.com/.shortcut-targets-by-id/1d7HnZ0yxuhMv2vPzbGBL9NNSDX9BjeDp/VegasGRBruns/Fits/jet_structured_powerlaw/csm_powerlaw/spectrum_dylan_smoothed/thawed_viewing_angle/20260501__anshstyle_structjet_thetavthawed_v1/111228A/111228A_structjet_swept_mass_single_overlay_per_sr_vs_time.pdf
Wrote: /Users/jkeohane/Library/CloudStorage/GoogleDrive-jwkeohane@gmail.com/.shortcut-targets-by-id/1d7HnZ0yxuhMv2vPzbGBL9NNSDX9BjeDp/VegasGRBruns/Fits/jet_structured_powerlaw/csm_powerlaw/spectrum_dylan_smoothed/thawed_viewing_angle/20260501__anshstyle_structjet_thetavthawed_v1/111228A/111228A_structjet_swept_mass_single_overlay_per_sr_vs_radius.pdf
Wrote: /Users/jkeohane/Library/CloudStorage/GoogleDrive-jwkeohane@gmail.com/.shortcut-targets-by-id/1d7HnZ0yxuhMv2vPzbGBL9NNSDX9BjeDp/VegasGRBruns/Fits/jet_structured_powerlaw/csm_powerlaw/spectrum_dylan_smoothed/thawed_viewing_angle/20260501__anshstyle_structjet_thetavthawed_v1/111228A/111228A_structjet_swept_mass_single_overlay_two_panel.pdf
Wrote: /Users/jkeohane/Library/CloudStorage/GoogleDrive-jwkeohane@gmail.com/.shortcut-targets-by-id/1d7HnZ0yxuhMv2vPzbGBL9NNSDX9BjeDp/VegasGRBruns/Fits/jet_structured_powerlaw/csm_powerlaw/spectrum_dylan_smoothed/thawed_viewing_angle/20260501__anshstyle_structjet_thetavthawed_v1/111228A/111228A_structjet_swept_mass_crossings.csv
RETURN 0 elapsed=13.4s

[45/56] START /Users/jkeohane/GRBs/Share_Folder/Fits/jet_structured_powerlaw/csm_powerlaw/spectrum_dylan_smoothed/thawed_viewing_angle/20260501__anshstyle_structjet_thetavthawed_v1/130612A
Wrote: /Users/jkeohane/Library/CloudStorage/GoogleDrive-jwkeohane@gmail.com/.shortcut-targets-by-id/1d7HnZ0yxuhMv2vPzbGBL9NNSDX9BjeDp/VegasGRBruns/Fits/jet_structured_powerlaw/csm_powerlaw/spectrum_dylan_smoothed/thawed_viewing_angle/20260501__anshstyle_structjet_thetavthawed_v1/130612A/130612A_structjet_swept_mass_diagnostics_vs_time.pdf
Wrote: /Users/jkeohane/Library/CloudStorage/GoogleDrive-jwkeohane@gmail.com/.shortcut-targets-by-id/1d7HnZ0yxuhMv2vPzbGBL9NNSDX9BjeDp/VegasGRBruns/Fits/jet_structured_powerlaw/csm_powerlaw/spectrum_dylan_smoothed/thawed_viewing_angle/20260501__anshstyle_structjet_thetavthawed_v1/130612A/130612A_structjet_swept_mass_diagnostics_vs_radius.pdf
Wrote: /Users/jkeohane/Library/CloudStorage/GoogleDrive-jwkeohane@gmail.com/.shortcut-targets-by-id/1d7HnZ0yxuhMv2vPzbGBL9NNSDX9BjeDp/VegasGRBruns/Fits/jet_structured_powerlaw/csm_powerlaw/spectrum_dylan_smoothed/thawed_viewing_angle/20260501__anshstyle_structjet_thetavthawed_v1/130612A/130612A_structjet_swept_mass_local_vs_coreavg_per_sr_vs_time.pdf
Wrote: /Users/jkeohane/Library/CloudStorage/GoogleDrive-jwkeohane@gmail.com/.shortcut-targets-by-id/1d7HnZ0yxuhMv2vPzbGBL9NNSDX9BjeDp/VegasGRBruns/Fits/jet_structured_powerlaw/csm_powerlaw/spectrum_dylan_smoothed/thawed_viewing_angle/20260501__anshstyle_structjet_thetavthawed_v1/130612A/130612A_structjet_swept_mass_local_vs_coreavg_per_sr_vs_radius.pdf
Wrote: /Users/jkeohane/Library/CloudStorage/GoogleDrive-jwkeohane@gmail.com/.shortcut-targets-by-id/1d7HnZ0yxuhMv2vPzbGBL9NNSDX9BjeDp/VegasGRBruns/Fits/jet_structured_powerlaw/csm_powerlaw/spectrum_dylan_smoothed/thawed_viewing_angle/20260501__anshstyle_structjet_thetavthawed_v1/130612A/130612A_structjet_swept_mass_single_overlay_per_sr_vs_time.pdf
Wrote: /Users/jkeohane/Library/CloudStorage/GoogleDrive-jwkeohane@gmail.com/.shortcut-targets-by-id/1d7HnZ0yxuhMv2vPzbGBL9NNSDX9BjeDp/VegasGRBruns/Fits/jet_structured_powerlaw/csm_powerlaw/spectrum_dylan_smoothed/thawed_viewing_angle/20260501__anshstyle_structjet_thetavthawed_v1/130612A/130612A_structjet_swept_mass_single_overlay_per_sr_vs_radius.pdf
Wrote: /Users/jkeohane/Library/CloudStorage/GoogleDrive-jwkeohane@gmail.com/.shortcut-targets-by-id/1d7HnZ0yxuhMv2vPzbGBL9NNSDX9BjeDp/VegasGRBruns/Fits/jet_structured_powerlaw/csm_powerlaw/spectrum_dylan_smoothed/thawed_viewing_angle/20260501__anshstyle_structjet_thetavthawed_v1/130612A/130612A_structjet_swept_mass_single_overlay_two_panel.pdf
Wrote: /Users/jkeohane/Library/CloudStorage/GoogleDrive-jwkeohane@gmail.com/.shortcut-targets-by-id/1d7HnZ0yxuhMv2vPzbGBL9NNSDX9BjeDp/VegasGRBruns/Fits/jet_structured_powerlaw/csm_powerlaw/spectrum_dylan_smoothed/thawed_viewing_angle/20260501__anshstyle_structjet_thetavthawed_v1/130612A/130612A_structjet_swept_mass_crossings.csv
RETURN 0 elapsed=30.0s

[46/56] START /Users/jkeohane/GRBs/Share_Folder/Fits/jet_structured_powerlaw/csm_powerlaw/spectrum_dylan_smoothed/thawed_viewing_angle/20260501__anshstyle_structjet_thetavthawed_v1/131030A
Wrote: /Users/jkeohane/Library/CloudStorage/GoogleDrive-jwkeohane@gmail.com/.shortcut-targets-by-id/1d7HnZ0yxuhMv2vPzbGBL9NNSDX9BjeDp/VegasGRBruns/Fits/jet_structured_powerlaw/csm_powerlaw/spectrum_dylan_smoothed/thawed_viewing_angle/20260501__anshstyle_structjet_thetavthawed_v1/131030A/131030A_structjet_swept_mass_diagnostics_vs_time.pdf
Wrote: /Users/jkeohane/Library/CloudStorage/GoogleDrive-jwkeohane@gmail.com/.shortcut-targets-by-id/1d7HnZ0yxuhMv2vPzbGBL9NNSDX9BjeDp/VegasGRBruns/Fits/jet_structured_powerlaw/csm_powerlaw/spectrum_dylan_smoothed/thawed_viewing_angle/20260501__anshstyle_structjet_thetavthawed_v1/131030A/131030A_structjet_swept_mass_diagnostics_vs_radius.pdf
Wrote: /Users/jkeohane/Library/CloudStorage/GoogleDrive-jwkeohane@gmail.com/.shortcut-targets-by-id/1d7HnZ0yxuhMv2vPzbGBL9NNSDX9BjeDp/VegasGRBruns/Fits/jet_structured_powerlaw/csm_powerlaw/spectrum_dylan_smoothed/thawed_viewing_angle/20260501__anshstyle_structjet_thetavthawed_v1/131030A/131030A_structjet_swept_mass_local_vs_coreavg_per_sr_vs_time.pdf
Wrote: /Users/jkeohane/Library/CloudStorage/GoogleDrive-jwkeohane@gmail.com/.shortcut-targets-by-id/1d7HnZ0yxuhMv2vPzbGBL9NNSDX9BjeDp/VegasGRBruns/Fits/jet_structured_powerlaw/csm_powerlaw/spectrum_dylan_smoothed/thawed_viewing_angle/20260501__anshstyle_structjet_thetavthawed_v1/131030A/131030A_structjet_swept_mass_local_vs_coreavg_per_sr_vs_radius.pdf
Wrote: /Users/jkeohane/Library/CloudStorage/GoogleDrive-jwkeohane@gmail.com/.shortcut-targets-by-id/1d7HnZ0yxuhMv2vPzbGBL9NNSDX9BjeDp/VegasGRBruns/Fits/jet_structured_powerlaw/csm_powerlaw/spectrum_dylan_smoothed/thawed_viewing_angle/20260501__anshstyle_structjet_thetavthawed_v1/131030A/131030A_structjet_swept_mass_single_overlay_per_sr_vs_time.pdf
Wrote: /Users/jkeohane/Library/CloudStorage/GoogleDrive-jwkeohane@gmail.com/.shortcut-targets-by-id/1d7HnZ0yxuhMv2vPzbGBL9NNSDX9BjeDp/VegasGRBruns/Fits/jet_structured_powerlaw/csm_powerlaw/spectrum_dylan_smoothed/thawed_viewing_angle/20260501__anshstyle_structjet_thetavthawed_v1/131030A/131030A_structjet_swept_mass_single_overlay_per_sr_vs_radius.pdf
Wrote: /Users/jkeohane/Library/CloudStorage/GoogleDrive-jwkeohane@gmail.com/.shortcut-targets-by-id/1d7HnZ0yxuhMv2vPzbGBL9NNSDX9BjeDp/VegasGRBruns/Fits/jet_structured_powerlaw/csm_powerlaw/spectrum_dylan_smoothed/thawed_viewing_angle/20260501__anshstyle_structjet_thetavthawed_v1/131030A/131030A_structjet_swept_mass_single_overlay_two_panel.pdf
Wrote: /Users/jkeohane/Library/CloudStorage/GoogleDrive-jwkeohane@gmail.com/.shortcut-targets-by-id/1d7HnZ0yxuhMv2vPzbGBL9NNSDX9BjeDp/VegasGRBruns/Fits/jet_structured_powerlaw/csm_powerlaw/spectrum_dylan_smoothed/thawed_viewing_angle/20260501__anshstyle_structjet_thetavthawed_v1/131030A/131030A_structjet_swept_mass_crossings.csv
RETURN 0 elapsed=18.9s

[47/56] START /Users/jkeohane/GRBs/Share_Folder/Fits/jet_structured_powerlaw/csm_powerlaw/spectrum_dylan_smoothed/thawed_viewing_angle/20260501__anshstyle_structjet_thetavthawed_v1/140506A
Wrote: /Users/jkeohane/Library/CloudStorage/GoogleDrive-jwkeohane@gmail.com/.shortcut-targets-by-id/1d7HnZ0yxuhMv2vPzbGBL9NNSDX9BjeDp/VegasGRBruns/Fits/jet_structured_powerlaw/csm_powerlaw/spectrum_dylan_smoothed/thawed_viewing_angle/20260501__anshstyle_structjet_thetavthawed_v1/140506A/140506A_structjet_swept_mass_diagnostics_vs_time.pdf
Wrote: /Users/jkeohane/Library/CloudStorage/GoogleDrive-jwkeohane@gmail.com/.shortcut-targets-by-id/1d7HnZ0yxuhMv2vPzbGBL9NNSDX9BjeDp/VegasGRBruns/Fits/jet_structured_powerlaw/csm_powerlaw/spectrum_dylan_smoothed/thawed_viewing_angle/20260501__anshstyle_structjet_thetavthawed_v1/140506A/140506A_structjet_swept_mass_diagnostics_vs_radius.pdf
Wrote: /Users/jkeohane/Library/CloudStorage/GoogleDrive-jwkeohane@gmail.com/.shortcut-targets-by-id/1d7HnZ0yxuhMv2vPzbGBL9NNSDX9BjeDp/VegasGRBruns/Fits/jet_structured_powerlaw/csm_powerlaw/spectrum_dylan_smoothed/thawed_viewing_angle/20260501__anshstyle_structjet_thetavthawed_v1/140506A/140506A_structjet_swept_mass_local_vs_coreavg_per_sr_vs_time.pdf
Wrote: /Users/jkeohane/Library/CloudStorage/GoogleDrive-jwkeohane@gmail.com/.shortcut-targets-by-id/1d7HnZ0yxuhMv2vPzbGBL9NNSDX9BjeDp/VegasGRBruns/Fits/jet_structured_powerlaw/csm_powerlaw/spectrum_dylan_smoothed/thawed_viewing_angle/20260501__anshstyle_structjet_thetavthawed_v1/140506A/140506A_structjet_swept_mass_local_vs_coreavg_per_sr_vs_radius.pdf
Wrote: /Users/jkeohane/Library/CloudStorage/GoogleDrive-jwkeohane@gmail.com/.shortcut-targets-by-id/1d7HnZ0yxuhMv2vPzbGBL9NNSDX9BjeDp/VegasGRBruns/Fits/jet_structured_powerlaw/csm_powerlaw/spectrum_dylan_smoothed/thawed_viewing_angle/20260501__anshstyle_structjet_thetavthawed_v1/140506A/140506A_structjet_swept_mass_single_overlay_per_sr_vs_time.pdf
Wrote: /Users/jkeohane/Library/CloudStorage/GoogleDrive-jwkeohane@gmail.com/.shortcut-targets-by-id/1d7HnZ0yxuhMv2vPzbGBL9NNSDX9BjeDp/VegasGRBruns/Fits/jet_structured_powerlaw/csm_powerlaw/spectrum_dylan_smoothed/thawed_viewing_angle/20260501__anshstyle_structjet_thetavthawed_v1/140506A/140506A_structjet_swept_mass_single_overlay_per_sr_vs_radius.pdf
Wrote: /Users/jkeohane/Library/CloudStorage/GoogleDrive-jwkeohane@gmail.com/.shortcut-targets-by-id/1d7HnZ0yxuhMv2vPzbGBL9NNSDX9BjeDp/VegasGRBruns/Fits/jet_structured_powerlaw/csm_powerlaw/spectrum_dylan_smoothed/thawed_viewing_angle/20260501__anshstyle_structjet_thetavthawed_v1/140506A/140506A_structjet_swept_mass_single_overlay_two_panel.pdf
Wrote: /Users/jkeohane/Library/CloudStorage/GoogleDrive-jwkeohane@gmail.com/.shortcut-targets-by-id/1d7HnZ0yxuhMv2vPzbGBL9NNSDX9BjeDp/VegasGRBruns/Fits/jet_structured_powerlaw/csm_powerlaw/spectrum_dylan_smoothed/thawed_viewing_angle/20260501__anshstyle_structjet_thetavthawed_v1/140506A/140506A_structjet_swept_mass_crossings.csv
RETURN 0 elapsed=23.7s

[48/56] START /Users/jkeohane/GRBs/Share_Folder/Fits/jet_structured_powerlaw/csm_powerlaw/spectrum_dylan_smoothed/thawed_viewing_angle/20260501__anshstyle_structjet_thetavthawed_v1/160131A
Wrote: /Users/jkeohane/Library/CloudStorage/GoogleDrive-jwkeohane@gmail.com/.shortcut-targets-by-id/1d7HnZ0yxuhMv2vPzbGBL9NNSDX9BjeDp/VegasGRBruns/Fits/jet_structured_powerlaw/csm_powerlaw/spectrum_dylan_smoothed/thawed_viewing_angle/20260501__anshstyle_structjet_thetavthawed_v1/160131A/160131A_structjet_swept_mass_diagnostics_vs_time.pdf
Wrote: /Users/jkeohane/Library/CloudStorage/GoogleDrive-jwkeohane@gmail.com/.shortcut-targets-by-id/1d7HnZ0yxuhMv2vPzbGBL9NNSDX9BjeDp/VegasGRBruns/Fits/jet_structured_powerlaw/csm_powerlaw/spectrum_dylan_smoothed/thawed_viewing_angle/20260501__anshstyle_structjet_thetavthawed_v1/160131A/160131A_structjet_swept_mass_diagnostics_vs_radius.pdf
Wrote: /Users/jkeohane/Library/CloudStorage/GoogleDrive-jwkeohane@gmail.com/.shortcut-targets-by-id/1d7HnZ0yxuhMv2vPzbGBL9NNSDX9BjeDp/VegasGRBruns/Fits/jet_structured_powerlaw/csm_powerlaw/spectrum_dylan_smoothed/thawed_viewing_angle/20260501__anshstyle_structjet_thetavthawed_v1/160131A/160131A_structjet_swept_mass_local_vs_coreavg_per_sr_vs_time.pdf
Wrote: /Users/jkeohane/Library/CloudStorage/GoogleDrive-jwkeohane@gmail.com/.shortcut-targets-by-id/1d7HnZ0yxuhMv2vPzbGBL9NNSDX9BjeDp/VegasGRBruns/Fits/jet_structured_powerlaw/csm_powerlaw/spectrum_dylan_smoothed/thawed_viewing_angle/20260501__anshstyle_structjet_thetavthawed_v1/160131A/160131A_structjet_swept_mass_local_vs_coreavg_per_sr_vs_radius.pdf
Wrote: /Users/jkeohane/Library/CloudStorage/GoogleDrive-jwkeohane@gmail.com/.shortcut-targets-by-id/1d7HnZ0yxuhMv2vPzbGBL9NNSDX9BjeDp/VegasGRBruns/Fits/jet_structured_powerlaw/csm_powerlaw/spectrum_dylan_smoothed/thawed_viewing_angle/20260501__anshstyle_structjet_thetavthawed_v1/160131A/160131A_structjet_swept_mass_single_overlay_per_sr_vs_time.pdf
Wrote: /Users/jkeohane/Library/CloudStorage/GoogleDrive-jwkeohane@gmail.com/.shortcut-targets-by-id/1d7HnZ0yxuhMv2vPzbGBL9NNSDX9BjeDp/VegasGRBruns/Fits/jet_structured_powerlaw/csm_powerlaw/spectrum_dylan_smoothed/thawed_viewing_angle/20260501__anshstyle_structjet_thetavthawed_v1/160131A/160131A_structjet_swept_mass_single_overlay_per_sr_vs_radius.pdf
Wrote: /Users/jkeohane/Library/CloudStorage/GoogleDrive-jwkeohane@gmail.com/.shortcut-targets-by-id/1d7HnZ0yxuhMv2vPzbGBL9NNSDX9BjeDp/VegasGRBruns/Fits/jet_structured_powerlaw/csm_powerlaw/spectrum_dylan_smoothed/thawed_viewing_angle/20260501__anshstyle_structjet_thetavthawed_v1/160131A/160131A_structjet_swept_mass_single_overlay_two_panel.pdf
Wrote: /Users/jkeohane/Library/CloudStorage/GoogleDrive-jwkeohane@gmail.com/.shortcut-targets-by-id/1d7HnZ0yxuhMv2vPzbGBL9NNSDX9BjeDp/VegasGRBruns/Fits/jet_structured_powerlaw/csm_powerlaw/spectrum_dylan_smoothed/thawed_viewing_angle/20260501__anshstyle_structjet_thetavthawed_v1/160131A/160131A_structjet_swept_mass_crossings.csv
RETURN 0 elapsed=15.3s

[49/56] START /Users/jkeohane/GRBs/Share_Folder/Fits/jet_structured_powerlaw/csm_powerlaw/spectrum_dylan_smoothed/thawed_viewing_angle/20260501__anshstyle_structjet_thetavthawed_v1/171010A
Wrote: /Users/jkeohane/Library/CloudStorage/GoogleDrive-jwkeohane@gmail.com/.shortcut-targets-by-id/1d7HnZ0yxuhMv2vPzbGBL9NNSDX9BjeDp/VegasGRBruns/Fits/jet_structured_powerlaw/csm_powerlaw/spectrum_dylan_smoothed/thawed_viewing_angle/20260501__anshstyle_structjet_thetavthawed_v1/171010A/171010A_structjet_swept_mass_diagnostics_vs_time.pdf
Wrote: /Users/jkeohane/Library/CloudStorage/GoogleDrive-jwkeohane@gmail.com/.shortcut-targets-by-id/1d7HnZ0yxuhMv2vPzbGBL9NNSDX9BjeDp/VegasGRBruns/Fits/jet_structured_powerlaw/csm_powerlaw/spectrum_dylan_smoothed/thawed_viewing_angle/20260501__anshstyle_structjet_thetavthawed_v1/171010A/171010A_structjet_swept_mass_diagnostics_vs_radius.pdf
Wrote: /Users/jkeohane/Library/CloudStorage/GoogleDrive-jwkeohane@gmail.com/.shortcut-targets-by-id/1d7HnZ0yxuhMv2vPzbGBL9NNSDX9BjeDp/VegasGRBruns/Fits/jet_structured_powerlaw/csm_powerlaw/spectrum_dylan_smoothed/thawed_viewing_angle/20260501__anshstyle_structjet_thetavthawed_v1/171010A/171010A_structjet_swept_mass_local_vs_coreavg_per_sr_vs_time.pdf
Wrote: /Users/jkeohane/Library/CloudStorage/GoogleDrive-jwkeohane@gmail.com/.shortcut-targets-by-id/1d7HnZ0yxuhMv2vPzbGBL9NNSDX9BjeDp/VegasGRBruns/Fits/jet_structured_powerlaw/csm_powerlaw/spectrum_dylan_smoothed/thawed_viewing_angle/20260501__anshstyle_structjet_thetavthawed_v1/171010A/171010A_structjet_swept_mass_local_vs_coreavg_per_sr_vs_radius.pdf
Wrote: /Users/jkeohane/Library/CloudStorage/GoogleDrive-jwkeohane@gmail.com/.shortcut-targets-by-id/1d7HnZ0yxuhMv2vPzbGBL9NNSDX9BjeDp/VegasGRBruns/Fits/jet_structured_powerlaw/csm_powerlaw/spectrum_dylan_smoothed/thawed_viewing_angle/20260501__anshstyle_structjet_thetavthawed_v1/171010A/171010A_structjet_swept_mass_single_overlay_per_sr_vs_time.pdf
Wrote: /Users/jkeohane/Library/CloudStorage/GoogleDrive-jwkeohane@gmail.com/.shortcut-targets-by-id/1d7HnZ0yxuhMv2vPzbGBL9NNSDX9BjeDp/VegasGRBruns/Fits/jet_structured_powerlaw/csm_powerlaw/spectrum_dylan_smoothed/thawed_viewing_angle/20260501__anshstyle_structjet_thetavthawed_v1/171010A/171010A_structjet_swept_mass_single_overlay_per_sr_vs_radius.pdf
Wrote: /Users/jkeohane/Library/CloudStorage/GoogleDrive-jwkeohane@gmail.com/.shortcut-targets-by-id/1d7HnZ0yxuhMv2vPzbGBL9NNSDX9BjeDp/VegasGRBruns/Fits/jet_structured_powerlaw/csm_powerlaw/spectrum_dylan_smoothed/thawed_viewing_angle/20260501__anshstyle_structjet_thetavthawed_v1/171010A/171010A_structjet_swept_mass_single_overlay_two_panel.pdf
Wrote: /Users/jkeohane/Library/CloudStorage/GoogleDrive-jwkeohane@gmail.com/.shortcut-targets-by-id/1d7HnZ0yxuhMv2vPzbGBL9NNSDX9BjeDp/VegasGRBruns/Fits/jet_structured_powerlaw/csm_powerlaw/spectrum_dylan_smoothed/thawed_viewing_angle/20260501__anshstyle_structjet_thetavthawed_v1/171010A/171010A_structjet_swept_mass_crossings.csv
RETURN 0 elapsed=14.6s

[50/56] START /Users/jkeohane/GRBs/Share_Folder/Fits/jet_structured_powerlaw/csm_powerlaw/spectrum_dylan_smoothed/thawed_viewing_angle/20260501__anshstyle_structjet_thetavthawed_v1/210905A
Wrote: /Users/jkeohane/Library/CloudStorage/GoogleDrive-jwkeohane@gmail.com/.shortcut-targets-by-id/1d7HnZ0yxuhMv2vPzbGBL9NNSDX9BjeDp/VegasGRBruns/Fits/jet_structured_powerlaw/csm_powerlaw/spectrum_dylan_smoothed/thawed_viewing_angle/20260501__anshstyle_structjet_thetavthawed_v1/210905A/210905A_structjet_swept_mass_diagnostics_vs_time.pdf
Wrote: /Users/jkeohane/Library/CloudStorage/GoogleDrive-jwkeohane@gmail.com/.shortcut-targets-by-id/1d7HnZ0yxuhMv2vPzbGBL9NNSDX9BjeDp/VegasGRBruns/Fits/jet_structured_powerlaw/csm_powerlaw/spectrum_dylan_smoothed/thawed_viewing_angle/20260501__anshstyle_structjet_thetavthawed_v1/210905A/210905A_structjet_swept_mass_diagnostics_vs_radius.pdf
Wrote: /Users/jkeohane/Library/CloudStorage/GoogleDrive-jwkeohane@gmail.com/.shortcut-targets-by-id/1d7HnZ0yxuhMv2vPzbGBL9NNSDX9BjeDp/VegasGRBruns/Fits/jet_structured_powerlaw/csm_powerlaw/spectrum_dylan_smoothed/thawed_viewing_angle/20260501__anshstyle_structjet_thetavthawed_v1/210905A/210905A_structjet_swept_mass_local_vs_coreavg_per_sr_vs_time.pdf
Wrote: /Users/jkeohane/Library/CloudStorage/GoogleDrive-jwkeohane@gmail.com/.shortcut-targets-by-id/1d7HnZ0yxuhMv2vPzbGBL9NNSDX9BjeDp/VegasGRBruns/Fits/jet_structured_powerlaw/csm_powerlaw/spectrum_dylan_smoothed/thawed_viewing_angle/20260501__anshstyle_structjet_thetavthawed_v1/210905A/210905A_structjet_swept_mass_local_vs_coreavg_per_sr_vs_radius.pdf
Wrote: /Users/jkeohane/Library/CloudStorage/GoogleDrive-jwkeohane@gmail.com/.shortcut-targets-by-id/1d7HnZ0yxuhMv2vPzbGBL9NNSDX9BjeDp/VegasGRBruns/Fits/jet_structured_powerlaw/csm_powerlaw/spectrum_dylan_smoothed/thawed_viewing_angle/20260501__anshstyle_structjet_thetavthawed_v1/210905A/210905A_structjet_swept_mass_single_overlay_per_sr_vs_time.pdf
Wrote: /Users/jkeohane/Library/CloudStorage/GoogleDrive-jwkeohane@gmail.com/.shortcut-targets-by-id/1d7HnZ0yxuhMv2vPzbGBL9NNSDX9BjeDp/VegasGRBruns/Fits/jet_structured_powerlaw/csm_powerlaw/spectrum_dylan_smoothed/thawed_viewing_angle/20260501__anshstyle_structjet_thetavthawed_v1/210905A/210905A_structjet_swept_mass_single_overlay_per_sr_vs_radius.pdf
Wrote: /Users/jkeohane/Library/CloudStorage/GoogleDrive-jwkeohane@gmail.com/.shortcut-targets-by-id/1d7HnZ0yxuhMv2vPzbGBL9NNSDX9BjeDp/VegasGRBruns/Fits/jet_structured_powerlaw/csm_powerlaw/spectrum_dylan_smoothed/thawed_viewing_angle/20260501__anshstyle_structjet_thetavthawed_v1/210905A/210905A_structjet_swept_mass_single_overlay_two_panel.pdf
Wrote: /Users/jkeohane/Library/CloudStorage/GoogleDrive-jwkeohane@gmail.com/.shortcut-targets-by-id/1d7HnZ0yxuhMv2vPzbGBL9NNSDX9BjeDp/VegasGRBruns/Fits/jet_structured_powerlaw/csm_powerlaw/spectrum_dylan_smoothed/thawed_viewing_angle/20260501__anshstyle_structjet_thetavthawed_v1/210905A/210905A_structjet_swept_mass_crossings.csv
RETURN 0 elapsed=21.2s

[51/56] START /Users/jkeohane/GRBs/Share_Folder/Fits/jet_structured_powerlaw/csm_powerlaw/spectrum_dylan_smoothed/thawed_viewing_angle/20260501__anshstyle_structjet_thetavthawed_v1/220101A
Wrote: /Users/jkeohane/Library/CloudStorage/GoogleDrive-jwkeohane@gmail.com/.shortcut-targets-by-id/1d7HnZ0yxuhMv2vPzbGBL9NNSDX9BjeDp/VegasGRBruns/Fits/jet_structured_powerlaw/csm_powerlaw/spectrum_dylan_smoothed/thawed_viewing_angle/20260501__anshstyle_structjet_thetavthawed_v1/220101A/220101A_structjet_swept_mass_diagnostics_vs_time.pdf
Wrote: /Users/jkeohane/Library/CloudStorage/GoogleDrive-jwkeohane@gmail.com/.shortcut-targets-by-id/1d7HnZ0yxuhMv2vPzbGBL9NNSDX9BjeDp/VegasGRBruns/Fits/jet_structured_powerlaw/csm_powerlaw/spectrum_dylan_smoothed/thawed_viewing_angle/20260501__anshstyle_structjet_thetavthawed_v1/220101A/220101A_structjet_swept_mass_diagnostics_vs_radius.pdf
Wrote: /Users/jkeohane/Library/CloudStorage/GoogleDrive-jwkeohane@gmail.com/.shortcut-targets-by-id/1d7HnZ0yxuhMv2vPzbGBL9NNSDX9BjeDp/VegasGRBruns/Fits/jet_structured_powerlaw/csm_powerlaw/spectrum_dylan_smoothed/thawed_viewing_angle/20260501__anshstyle_structjet_thetavthawed_v1/220101A/220101A_structjet_swept_mass_local_vs_coreavg_per_sr_vs_time.pdf
Wrote: /Users/jkeohane/Library/CloudStorage/GoogleDrive-jwkeohane@gmail.com/.shortcut-targets-by-id/1d7HnZ0yxuhMv2vPzbGBL9NNSDX9BjeDp/VegasGRBruns/Fits/jet_structured_powerlaw/csm_powerlaw/spectrum_dylan_smoothed/thawed_viewing_angle/20260501__anshstyle_structjet_thetavthawed_v1/220101A/220101A_structjet_swept_mass_local_vs_coreavg_per_sr_vs_radius.pdf
Wrote: /Users/jkeohane/Library/CloudStorage/GoogleDrive-jwkeohane@gmail.com/.shortcut-targets-by-id/1d7HnZ0yxuhMv2vPzbGBL9NNSDX9BjeDp/VegasGRBruns/Fits/jet_structured_powerlaw/csm_powerlaw/spectrum_dylan_smoothed/thawed_viewing_angle/20260501__anshstyle_structjet_thetavthawed_v1/220101A/220101A_structjet_swept_mass_single_overlay_per_sr_vs_time.pdf
Wrote: /Users/jkeohane/Library/CloudStorage/GoogleDrive-jwkeohane@gmail.com/.shortcut-targets-by-id/1d7HnZ0yxuhMv2vPzbGBL9NNSDX9BjeDp/VegasGRBruns/Fits/jet_structured_powerlaw/csm_powerlaw/spectrum_dylan_smoothed/thawed_viewing_angle/20260501__anshstyle_structjet_thetavthawed_v1/220101A/220101A_structjet_swept_mass_single_overlay_per_sr_vs_radius.pdf
Wrote: /Users/jkeohane/Library/CloudStorage/GoogleDrive-jwkeohane@gmail.com/.shortcut-targets-by-id/1d7HnZ0yxuhMv2vPzbGBL9NNSDX9BjeDp/VegasGRBruns/Fits/jet_structured_powerlaw/csm_powerlaw/spectrum_dylan_smoothed/thawed_viewing_angle/20260501__anshstyle_structjet_thetavthawed_v1/220101A/220101A_structjet_swept_mass_single_overlay_two_panel.pdf
Wrote: /Users/jkeohane/Library/CloudStorage/GoogleDrive-jwkeohane@gmail.com/.shortcut-targets-by-id/1d7HnZ0yxuhMv2vPzbGBL9NNSDX9BjeDp/VegasGRBruns/Fits/jet_structured_powerlaw/csm_powerlaw/spectrum_dylan_smoothed/thawed_viewing_angle/20260501__anshstyle_structjet_thetavthawed_v1/220101A/220101A_structjet_swept_mass_crossings.csv
RETURN 0 elapsed=16.6s

[52/56] START /Users/jkeohane/GRBs/Share_Folder/Fits/jet_structured_powerlaw/csm_powerlaw/spectrum_dylan_smoothed/thawed_viewing_angle/20260501__anshstyle_structjet_thetavthawed_v1/221009A
Wrote: /Users/jkeohane/Library/CloudStorage/GoogleDrive-jwkeohane@gmail.com/.shortcut-targets-by-id/1d7HnZ0yxuhMv2vPzbGBL9NNSDX9BjeDp/VegasGRBruns/Fits/jet_structured_powerlaw/csm_powerlaw/spectrum_dylan_smoothed/thawed_viewing_angle/20260501__anshstyle_structjet_thetavthawed_v1/221009A/221009A_structjet_swept_mass_diagnostics_vs_time.pdf
Wrote: /Users/jkeohane/Library/CloudStorage/GoogleDrive-jwkeohane@gmail.com/.shortcut-targets-by-id/1d7HnZ0yxuhMv2vPzbGBL9NNSDX9BjeDp/VegasGRBruns/Fits/jet_structured_powerlaw/csm_powerlaw/spectrum_dylan_smoothed/thawed_viewing_angle/20260501__anshstyle_structjet_thetavthawed_v1/221009A/221009A_structjet_swept_mass_diagnostics_vs_radius.pdf
Wrote: /Users/jkeohane/Library/CloudStorage/GoogleDrive-jwkeohane@gmail.com/.shortcut-targets-by-id/1d7HnZ0yxuhMv2vPzbGBL9NNSDX9BjeDp/VegasGRBruns/Fits/jet_structured_powerlaw/csm_powerlaw/spectrum_dylan_smoothed/thawed_viewing_angle/20260501__anshstyle_structjet_thetavthawed_v1/221009A/221009A_structjet_swept_mass_local_vs_coreavg_per_sr_vs_time.pdf
Wrote: /Users/jkeohane/Library/CloudStorage/GoogleDrive-jwkeohane@gmail.com/.shortcut-targets-by-id/1d7HnZ0yxuhMv2vPzbGBL9NNSDX9BjeDp/VegasGRBruns/Fits/jet_structured_powerlaw/csm_powerlaw/spectrum_dylan_smoothed/thawed_viewing_angle/20260501__anshstyle_structjet_thetavthawed_v1/221009A/221009A_structjet_swept_mass_local_vs_coreavg_per_sr_vs_radius.pdf
Wrote: /Users/jkeohane/Library/CloudStorage/GoogleDrive-jwkeohane@gmail.com/.shortcut-targets-by-id/1d7HnZ0yxuhMv2vPzbGBL9NNSDX9BjeDp/VegasGRBruns/Fits/jet_structured_powerlaw/csm_powerlaw/spectrum_dylan_smoothed/thawed_viewing_angle/20260501__anshstyle_structjet_thetavthawed_v1/221009A/221009A_structjet_swept_mass_single_overlay_per_sr_vs_time.pdf
Wrote: /Users/jkeohane/Library/CloudStorage/GoogleDrive-jwkeohane@gmail.com/.shortcut-targets-by-id/1d7HnZ0yxuhMv2vPzbGBL9NNSDX9BjeDp/VegasGRBruns/Fits/jet_structured_powerlaw/csm_powerlaw/spectrum_dylan_smoothed/thawed_viewing_angle/20260501__anshstyle_structjet_thetavthawed_v1/221009A/221009A_structjet_swept_mass_single_overlay_per_sr_vs_radius.pdf
Wrote: /Users/jkeohane/Library/CloudStorage/GoogleDrive-jwkeohane@gmail.com/.shortcut-targets-by-id/1d7HnZ0yxuhMv2vPzbGBL9NNSDX9BjeDp/VegasGRBruns/Fits/jet_structured_powerlaw/csm_powerlaw/spectrum_dylan_smoothed/thawed_viewing_angle/20260501__anshstyle_structjet_thetavthawed_v1/221009A/221009A_structjet_swept_mass_single_overlay_two_panel.pdf
Wrote: /Users/jkeohane/Library/CloudStorage/GoogleDrive-jwkeohane@gmail.com/.shortcut-targets-by-id/1d7HnZ0yxuhMv2vPzbGBL9NNSDX9BjeDp/VegasGRBruns/Fits/jet_structured_powerlaw/csm_powerlaw/spectrum_dylan_smoothed/thawed_viewing_angle/20260501__anshstyle_structjet_thetavthawed_v1/221009A/221009A_structjet_swept_mass_crossings.csv
RETURN 0 elapsed=17.6s

[53/56] START /Users/jkeohane/GRBs/Share_Folder/Fits/jet_structured_powerlaw/csm_powerlaw/spectrum_dylan_smoothed/thawed_viewing_core_and_structure/20260513__anshstyle_structjet_thetav_thetac_pthawed_v2/050525A
Wrote: /Users/jkeohane/Library/CloudStorage/GoogleDrive-jwkeohane@gmail.com/.shortcut-targets-by-id/1d7HnZ0yxuhMv2vPzbGBL9NNSDX9BjeDp/VegasGRBruns/Fits/jet_structured_powerlaw/csm_powerlaw/spectrum_dylan_smoothed/thawed_viewing_core_and_structure/20260513__anshstyle_structjet_thetav_thetac_pthawed_v2/050525A/050525A_structjet_swept_mass_diagnostics_vs_time.pdf
Wrote: /Users/jkeohane/Library/CloudStorage/GoogleDrive-jwkeohane@gmail.com/.shortcut-targets-by-id/1d7HnZ0yxuhMv2vPzbGBL9NNSDX9BjeDp/VegasGRBruns/Fits/jet_structured_powerlaw/csm_powerlaw/spectrum_dylan_smoothed/thawed_viewing_core_and_structure/20260513__anshstyle_structjet_thetav_thetac_pthawed_v2/050525A/050525A_structjet_swept_mass_diagnostics_vs_radius.pdf
Wrote: /Users/jkeohane/Library/CloudStorage/GoogleDrive-jwkeohane@gmail.com/.shortcut-targets-by-id/1d7HnZ0yxuhMv2vPzbGBL9NNSDX9BjeDp/VegasGRBruns/Fits/jet_structured_powerlaw/csm_powerlaw/spectrum_dylan_smoothed/thawed_viewing_core_and_structure/20260513__anshstyle_structjet_thetav_thetac_pthawed_v2/050525A/050525A_structjet_swept_mass_local_vs_coreavg_per_sr_vs_time.pdf
Wrote: /Users/jkeohane/Library/CloudStorage/GoogleDrive-jwkeohane@gmail.com/.shortcut-targets-by-id/1d7HnZ0yxuhMv2vPzbGBL9NNSDX9BjeDp/VegasGRBruns/Fits/jet_structured_powerlaw/csm_powerlaw/spectrum_dylan_smoothed/thawed_viewing_core_and_structure/20260513__anshstyle_structjet_thetav_thetac_pthawed_v2/050525A/050525A_structjet_swept_mass_local_vs_coreavg_per_sr_vs_radius.pdf
Wrote: /Users/jkeohane/Library/CloudStorage/GoogleDrive-jwkeohane@gmail.com/.shortcut-targets-by-id/1d7HnZ0yxuhMv2vPzbGBL9NNSDX9BjeDp/VegasGRBruns/Fits/jet_structured_powerlaw/csm_powerlaw/spectrum_dylan_smoothed/thawed_viewing_core_and_structure/20260513__anshstyle_structjet_thetav_thetac_pthawed_v2/050525A/050525A_structjet_swept_mass_single_overlay_per_sr_vs_time.pdf
Wrote: /Users/jkeohane/Library/CloudStorage/GoogleDrive-jwkeohane@gmail.com/.shortcut-targets-by-id/1d7HnZ0yxuhMv2vPzbGBL9NNSDX9BjeDp/VegasGRBruns/Fits/jet_structured_powerlaw/csm_powerlaw/spectrum_dylan_smoothed/thawed_viewing_core_and_structure/20260513__anshstyle_structjet_thetav_thetac_pthawed_v2/050525A/050525A_structjet_swept_mass_single_overlay_per_sr_vs_radius.pdf
Wrote: /Users/jkeohane/Library/CloudStorage/GoogleDrive-jwkeohane@gmail.com/.shortcut-targets-by-id/1d7HnZ0yxuhMv2vPzbGBL9NNSDX9BjeDp/VegasGRBruns/Fits/jet_structured_powerlaw/csm_powerlaw/spectrum_dylan_smoothed/thawed_viewing_core_and_structure/20260513__anshstyle_structjet_thetav_thetac_pthawed_v2/050525A/050525A_structjet_swept_mass_single_overlay_two_panel.pdf
Wrote: /Users/jkeohane/Library/CloudStorage/GoogleDrive-jwkeohane@gmail.com/.shortcut-targets-by-id/1d7HnZ0yxuhMv2vPzbGBL9NNSDX9BjeDp/VegasGRBruns/Fits/jet_structured_powerlaw/csm_powerlaw/spectrum_dylan_smoothed/thawed_viewing_core_and_structure/20260513__anshstyle_structjet_thetav_thetac_pthawed_v2/050525A/050525A_structjet_swept_mass_crossings.csv
RETURN 0 elapsed=14.7s

[54/56] START /Users/jkeohane/GRBs/Share_Folder/Fits/jet_structured_powerlaw/csm_powerlaw/spectrum_dylan_smoothed/thawed_viewing_core_and_structure/20260521__050525A_structjet_thetav_thetac_electronp_unseeded_finalprod_10temp_5000x5000_v1/050525A
Wrote: /Users/jkeohane/Library/CloudStorage/GoogleDrive-jwkeohane@gmail.com/.shortcut-targets-by-id/1d7HnZ0yxuhMv2vPzbGBL9NNSDX9BjeDp/VegasGRBruns/Fits/jet_structured_powerlaw/csm_powerlaw/spectrum_dylan_smoothed/thawed_viewing_core_and_structure/20260521__050525A_structjet_thetav_thetac_electronp_unseeded_finalprod_10temp_5000x5000_v1/050525A/050525A_structjet_swept_mass_diagnostics_vs_time.pdf
Wrote: /Users/jkeohane/Library/CloudStorage/GoogleDrive-jwkeohane@gmail.com/.shortcut-targets-by-id/1d7HnZ0yxuhMv2vPzbGBL9NNSDX9BjeDp/VegasGRBruns/Fits/jet_structured_powerlaw/csm_powerlaw/spectrum_dylan_smoothed/thawed_viewing_core_and_structure/20260521__050525A_structjet_thetav_thetac_electronp_unseeded_finalprod_10temp_5000x5000_v1/050525A/050525A_structjet_swept_mass_diagnostics_vs_radius.pdf
Wrote: /Users/jkeohane/Library/CloudStorage/GoogleDrive-jwkeohane@gmail.com/.shortcut-targets-by-id/1d7HnZ0yxuhMv2vPzbGBL9NNSDX9BjeDp/VegasGRBruns/Fits/jet_structured_powerlaw/csm_powerlaw/spectrum_dylan_smoothed/thawed_viewing_core_and_structure/20260521__050525A_structjet_thetav_thetac_electronp_unseeded_finalprod_10temp_5000x5000_v1/050525A/050525A_structjet_swept_mass_local_vs_coreavg_per_sr_vs_time.pdf
Wrote: /Users/jkeohane/Library/CloudStorage/GoogleDrive-jwkeohane@gmail.com/.shortcut-targets-by-id/1d7HnZ0yxuhMv2vPzbGBL9NNSDX9BjeDp/VegasGRBruns/Fits/jet_structured_powerlaw/csm_powerlaw/spectrum_dylan_smoothed/thawed_viewing_core_and_structure/20260521__050525A_structjet_thetav_thetac_electronp_unseeded_finalprod_10temp_5000x5000_v1/050525A/050525A_structjet_swept_mass_local_vs_coreavg_per_sr_vs_radius.pdf
Wrote: /Users/jkeohane/Library/CloudStorage/GoogleDrive-jwkeohane@gmail.com/.shortcut-targets-by-id/1d7HnZ0yxuhMv2vPzbGBL9NNSDX9BjeDp/VegasGRBruns/Fits/jet_structured_powerlaw/csm_powerlaw/spectrum_dylan_smoothed/thawed_viewing_core_and_structure/20260521__050525A_structjet_thetav_thetac_electronp_unseeded_finalprod_10temp_5000x5000_v1/050525A/050525A_structjet_swept_mass_single_overlay_per_sr_vs_time.pdf
Wrote: /Users/jkeohane/Library/CloudStorage/GoogleDrive-jwkeohane@gmail.com/.shortcut-targets-by-id/1d7HnZ0yxuhMv2vPzbGBL9NNSDX9BjeDp/VegasGRBruns/Fits/jet_structured_powerlaw/csm_powerlaw/spectrum_dylan_smoothed/thawed_viewing_core_and_structure/20260521__050525A_structjet_thetav_thetac_electronp_unseeded_finalprod_10temp_5000x5000_v1/050525A/050525A_structjet_swept_mass_single_overlay_per_sr_vs_radius.pdf
Wrote: /Users/jkeohane/Library/CloudStorage/GoogleDrive-jwkeohane@gmail.com/.shortcut-targets-by-id/1d7HnZ0yxuhMv2vPzbGBL9NNSDX9BjeDp/VegasGRBruns/Fits/jet_structured_powerlaw/csm_powerlaw/spectrum_dylan_smoothed/thawed_viewing_core_and_structure/20260521__050525A_structjet_thetav_thetac_electronp_unseeded_finalprod_10temp_5000x5000_v1/050525A/050525A_structjet_swept_mass_single_overlay_two_panel.pdf
Wrote: /Users/jkeohane/Library/CloudStorage/GoogleDrive-jwkeohane@gmail.com/.shortcut-targets-by-id/1d7HnZ0yxuhMv2vPzbGBL9NNSDX9BjeDp/VegasGRBruns/Fits/jet_structured_powerlaw/csm_powerlaw/spectrum_dylan_smoothed/thawed_viewing_core_and_structure/20260521__050525A_structjet_thetav_thetac_electronp_unseeded_finalprod_10temp_5000x5000_v1/050525A/050525A_structjet_swept_mass_crossings.csv
RETURN 0 elapsed=16.0s

[55/56] START /Users/jkeohane/GRBs/Share_Folder/Fits/jet_structured_powerlaw/csm_powerlaw/spectrum_dylan_smoothed/thawed_viewing_core_and_structure/20260521__050525A_structjet_thetav_thetac_electronp_unseeded_finalprod_10temp_5000x5000_v1/090618
Wrote: /Users/jkeohane/Library/CloudStorage/GoogleDrive-jwkeohane@gmail.com/.shortcut-targets-by-id/1d7HnZ0yxuhMv2vPzbGBL9NNSDX9BjeDp/VegasGRBruns/Fits/jet_structured_powerlaw/csm_powerlaw/spectrum_dylan_smoothed/thawed_viewing_core_and_structure/20260521__050525A_structjet_thetav_thetac_electronp_unseeded_finalprod_10temp_5000x5000_v1/090618/090618_structjet_swept_mass_diagnostics_vs_time.pdf
Wrote: /Users/jkeohane/Library/CloudStorage/GoogleDrive-jwkeohane@gmail.com/.shortcut-targets-by-id/1d7HnZ0yxuhMv2vPzbGBL9NNSDX9BjeDp/VegasGRBruns/Fits/jet_structured_powerlaw/csm_powerlaw/spectrum_dylan_smoothed/thawed_viewing_core_and_structure/20260521__050525A_structjet_thetav_thetac_electronp_unseeded_finalprod_10temp_5000x5000_v1/090618/090618_structjet_swept_mass_diagnostics_vs_radius.pdf
Wrote: /Users/jkeohane/Library/CloudStorage/GoogleDrive-jwkeohane@gmail.com/.shortcut-targets-by-id/1d7HnZ0yxuhMv2vPzbGBL9NNSDX9BjeDp/VegasGRBruns/Fits/jet_structured_powerlaw/csm_powerlaw/spectrum_dylan_smoothed/thawed_viewing_core_and_structure/20260521__050525A_structjet_thetav_thetac_electronp_unseeded_finalprod_10temp_5000x5000_v1/090618/090618_structjet_swept_mass_local_vs_coreavg_per_sr_vs_time.pdf
Wrote: /Users/jkeohane/Library/CloudStorage/GoogleDrive-jwkeohane@gmail.com/.shortcut-targets-by-id/1d7HnZ0yxuhMv2vPzbGBL9NNSDX9BjeDp/VegasGRBruns/Fits/jet_structured_powerlaw/csm_powerlaw/spectrum_dylan_smoothed/thawed_viewing_core_and_structure/20260521__050525A_structjet_thetav_thetac_electronp_unseeded_finalprod_10temp_5000x5000_v1/090618/090618_structjet_swept_mass_local_vs_coreavg_per_sr_vs_radius.pdf
Wrote: /Users/jkeohane/Library/CloudStorage/GoogleDrive-jwkeohane@gmail.com/.shortcut-targets-by-id/1d7HnZ0yxuhMv2vPzbGBL9NNSDX9BjeDp/VegasGRBruns/Fits/jet_structured_powerlaw/csm_powerlaw/spectrum_dylan_smoothed/thawed_viewing_core_and_structure/20260521__050525A_structjet_thetav_thetac_electronp_unseeded_finalprod_10temp_5000x5000_v1/090618/090618_structjet_swept_mass_single_overlay_per_sr_vs_time.pdf
Wrote: /Users/jkeohane/Library/CloudStorage/GoogleDrive-jwkeohane@gmail.com/.shortcut-targets-by-id/1d7HnZ0yxuhMv2vPzbGBL9NNSDX9BjeDp/VegasGRBruns/Fits/jet_structured_powerlaw/csm_powerlaw/spectrum_dylan_smoothed/thawed_viewing_core_and_structure/20260521__050525A_structjet_thetav_thetac_electronp_unseeded_finalprod_10temp_5000x5000_v1/090618/090618_structjet_swept_mass_single_overlay_per_sr_vs_radius.pdf
Wrote: /Users/jkeohane/Library/CloudStorage/GoogleDrive-jwkeohane@gmail.com/.shortcut-targets-by-id/1d7HnZ0yxuhMv2vPzbGBL9NNSDX9BjeDp/VegasGRBruns/Fits/jet_structured_powerlaw/csm_powerlaw/spectrum_dylan_smoothed/thawed_viewing_core_and_structure/20260521__050525A_structjet_thetav_thetac_electronp_unseeded_finalprod_10temp_5000x5000_v1/090618/090618_structjet_swept_mass_single_overlay_two_panel.pdf
Wrote: /Users/jkeohane/Library/CloudStorage/GoogleDrive-jwkeohane@gmail.com/.shortcut-targets-by-id/1d7HnZ0yxuhMv2vPzbGBL9NNSDX9BjeDp/VegasGRBruns/Fits/jet_structured_powerlaw/csm_powerlaw/spectrum_dylan_smoothed/thawed_viewing_core_and_structure/20260521__050525A_structjet_thetav_thetac_electronp_unseeded_finalprod_10temp_5000x5000_v1/090618/090618_structjet_swept_mass_crossings.csv
RETURN 0 elapsed=13.1s

[56/56] START /Users/jkeohane/GRBs/Share_Folder/Fits/jet_structured_powerlaw/csm_powerlaw/spectrum_dylan_smoothed/thawed_viewing_core_and_structure/20260521__050525A_structjet_thetav_thetac_electronp_unseeded_finalprod_10temp_5000x5000_v1/111228A
Wrote: /Users/jkeohane/Library/CloudStorage/GoogleDrive-jwkeohane@gmail.com/.shortcut-targets-by-id/1d7HnZ0yxuhMv2vPzbGBL9NNSDX9BjeDp/VegasGRBruns/Fits/jet_structured_powerlaw/csm_powerlaw/spectrum_dylan_smoothed/thawed_viewing_core_and_structure/20260521__050525A_structjet_thetav_thetac_electronp_unseeded_finalprod_10temp_5000x5000_v1/111228A/111228A_structjet_swept_mass_diagnostics_vs_time.pdf
Wrote: /Users/jkeohane/Library/CloudStorage/GoogleDrive-jwkeohane@gmail.com/.shortcut-targets-by-id/1d7HnZ0yxuhMv2vPzbGBL9NNSDX9BjeDp/VegasGRBruns/Fits/jet_structured_powerlaw/csm_powerlaw/spectrum_dylan_smoothed/thawed_viewing_core_and_structure/20260521__050525A_structjet_thetav_thetac_electronp_unseeded_finalprod_10temp_5000x5000_v1/111228A/111228A_structjet_swept_mass_diagnostics_vs_radius.pdf
Wrote: /Users/jkeohane/Library/CloudStorage/GoogleDrive-jwkeohane@gmail.com/.shortcut-targets-by-id/1d7HnZ0yxuhMv2vPzbGBL9NNSDX9BjeDp/VegasGRBruns/Fits/jet_structured_powerlaw/csm_powerlaw/spectrum_dylan_smoothed/thawed_viewing_core_and_structure/20260521__050525A_structjet_thetav_thetac_electronp_unseeded_finalprod_10temp_5000x5000_v1/111228A/111228A_structjet_swept_mass_local_vs_coreavg_per_sr_vs_time.pdf
Wrote: /Users/jkeohane/Library/CloudStorage/GoogleDrive-jwkeohane@gmail.com/.shortcut-targets-by-id/1d7HnZ0yxuhMv2vPzbGBL9NNSDX9BjeDp/VegasGRBruns/Fits/jet_structured_powerlaw/csm_powerlaw/spectrum_dylan_smoothed/thawed_viewing_core_and_structure/20260521__050525A_structjet_thetav_thetac_electronp_unseeded_finalprod_10temp_5000x5000_v1/111228A/111228A_structjet_swept_mass_local_vs_coreavg_per_sr_vs_radius.pdf
Wrote: /Users/jkeohane/Library/CloudStorage/GoogleDrive-jwkeohane@gmail.com/.shortcut-targets-by-id/1d7HnZ0yxuhMv2vPzbGBL9NNSDX9BjeDp/VegasGRBruns/Fits/jet_structured_powerlaw/csm_powerlaw/spectrum_dylan_smoothed/thawed_viewing_core_and_structure/20260521__050525A_structjet_thetav_thetac_electronp_unseeded_finalprod_10temp_5000x5000_v1/111228A/111228A_structjet_swept_mass_single_overlay_per_sr_vs_time.pdf
Wrote: /Users/jkeohane/Library/CloudStorage/GoogleDrive-jwkeohane@gmail.com/.shortcut-targets-by-id/1d7HnZ0yxuhMv2vPzbGBL9NNSDX9BjeDp/VegasGRBruns/Fits/jet_structured_powerlaw/csm_powerlaw/spectrum_dylan_smoothed/thawed_viewing_core_and_structure/20260521__050525A_structjet_thetav_thetac_electronp_unseeded_finalprod_10temp_5000x5000_v1/111228A/111228A_structjet_swept_mass_single_overlay_per_sr_vs_radius.pdf
Wrote: /Users/jkeohane/Library/CloudStorage/GoogleDrive-jwkeohane@gmail.com/.shortcut-targets-by-id/1d7HnZ0yxuhMv2vPzbGBL9NNSDX9BjeDp/VegasGRBruns/Fits/jet_structured_powerlaw/csm_powerlaw/spectrum_dylan_smoothed/thawed_viewing_core_and_structure/20260521__050525A_structjet_thetav_thetac_electronp_unseeded_finalprod_10temp_5000x5000_v1/111228A/111228A_structjet_swept_mass_single_overlay_two_panel.pdf
Wrote: /Users/jkeohane/Library/CloudStorage/GoogleDrive-jwkeohane@gmail.com/.shortcut-targets-by-id/1d7HnZ0yxuhMv2vPzbGBL9NNSDX9BjeDp/VegasGRBruns/Fits/jet_structured_powerlaw/csm_powerlaw/spectrum_dylan_smoothed/thawed_viewing_core_and_structure/20260521__050525A_structjet_thetav_thetac_electronp_unseeded_finalprod_10temp_5000x5000_v1/111228A/111228A_structjet_swept_mass_crossings.csv
RETURN 0 elapsed=13.0s
